# Blender 4.5.3 LTS
# www.blender.org
mtllib tank.mtl
o pCube1328_1__WaterTankMetal
v 17.509424 -18.316755 55.752815
v 17.509424 -19.411997 54.800434
v 18.549944 -18.316755 54.800434
v 17.509424 18.545135 55.752815
v 18.549944 18.545135 54.800434
v 17.509424 19.640377 54.800434
v -18.549852 -18.316755 54.800434
v -17.509329 -19.411997 54.800434
v -17.509329 -18.316755 55.752815
v -18.549852 18.545135 54.800434
v -17.509329 18.545135 55.752815
v -17.509329 19.640377 54.800434
v 16.289322 16.419342 52.895210
v 15.497005 17.248129 52.895210
v 14.655468 15.765816 52.895210
v 15.917252 17.698450 48.741299
v 16.749216 16.825907 48.741299
v 15.277717 16.173929 48.741299
v -16.289268 -16.190992 52.895206
v -15.496952 -17.019779 52.895206
v -14.655375 -15.537467 52.895206
v -15.917159 -17.470100 48.741291
v -16.749125 -16.597557 48.741291
v -15.277624 -15.945581 48.741291
v 14.655507 -15.537700 52.895210
v 15.497045 -17.020012 52.895210
v 16.289360 -16.191225 52.895210
v 15.277756 -15.945814 48.741299
v 16.749254 -16.597790 48.741299
v 15.917291 -17.470333 48.741299
v 18.126032 18.000252 38.574436
v 16.269478 19.248392 38.515270
v 16.269478 17.346725 38.384708
v 16.891726 19.656507 32.571110
v 18.692041 18.406816 32.623936
v 16.891726 17.754841 32.440544
v -16.269409 17.346958 38.384712
v -16.269409 19.248625 38.515274
v -18.125954 18.000484 38.574436
v -16.891659 17.755074 32.440544
v -18.691946 18.407049 32.623936
v -16.891659 19.656740 32.571110
v -14.655429 15.766048 52.895203
v -15.496971 17.248362 52.895203
v -16.289293 16.419575 52.895203
v -15.277678 16.174162 48.741287
v -16.749166 16.826138 48.741287
v -15.917193 17.698683 48.741287
v -18.125944 -17.771904 38.574436
v -16.269390 -19.020044 38.515274
v -16.269390 -17.118378 38.384712
v -16.891678 -19.428160 32.571110
v -18.691956 -18.178469 32.623936
v -16.891678 -17.526493 32.440544
v 16.269478 -17.118610 38.384708
v 16.269478 -19.020277 38.515270
v 18.126032 -17.772137 38.574436
v 16.891726 -17.526726 32.440544
v 18.692041 -18.178701 32.623936
v 16.891726 -19.428392 32.571110
v 15.277753 16.173929 48.741291
v 10.248063 16.118586 50.550644
v 12.044581 16.199549 48.741299
v 15.917249 17.698450 48.741291
v 12.044581 17.698450 48.741299
v 10.248063 17.398235 50.550644
v -15.277663 -15.945621 48.741291
v -10.247971 -15.890275 50.550640
v -12.044489 -15.971239 48.741291
v -15.917159 -17.470140 48.741291
v -12.044489 -17.470140 48.741291
v -10.247971 -17.169926 50.550640
v 12.044542 -15.971472 48.741299
v 10.248024 -15.890508 50.550644
v 15.277715 -15.945853 48.741291
v 10.248024 -17.170158 50.550644
v 12.044542 -17.470333 48.741299
v 15.917249 -17.470333 48.741291
v -12.044450 16.199820 48.741291
v -10.247931 16.118856 50.550640
v -15.277624 16.174202 48.741291
v -10.247931 17.398468 50.550640
v -12.044450 17.698683 48.741291
v -15.917198 17.698683 48.741291
v 17.509424 19.640377 52.895210
v 17.509424 -19.411997 52.895210
v -17.509329 19.640377 52.895210
v -17.509329 -19.411997 52.895210
v -18.549852 -18.316755 52.895210
v -18.549852 18.545135 52.895210
v -17.509329 -19.411997 52.895210
v -17.509329 19.640377 52.895210
v 17.509424 -19.411997 52.895210
v 18.549944 -18.316755 52.895210
v 17.509424 -19.411997 54.800434
v 18.549944 -18.316755 54.800434
v 17.509424 -18.316755 55.752815
v 18.549944 -18.316755 54.800434
v 17.509424 18.545135 55.752815
v 18.549944 18.545135 54.800434
v 18.549944 18.545135 52.895210
v 17.509424 19.640377 52.895210
v 18.549944 18.545135 54.800434
v 17.509424 19.640377 54.800434
v 17.509424 -19.411997 54.800434
v 17.509424 -18.316755 55.752815
v -17.509329 -19.411997 54.800434
v -17.509329 -18.316755 55.752815
v -18.549852 -18.316755 54.800434
v -17.509329 -18.316755 55.752815
v -18.549852 18.545135 54.800434
v -17.509329 18.545135 55.752815
v 17.509424 18.545135 55.752815
v 17.509424 19.640377 54.800434
v -17.509329 18.545135 55.752815
v -17.509329 19.640377 54.800434
v -17.509329 -19.411997 54.800434
v -18.549852 -18.316755 54.800434
v -17.509329 -19.411997 52.895210
v -18.549852 -18.316755 52.895210
v -18.549852 18.545135 54.800434
v -17.509329 19.640377 54.800434
v -18.549852 18.545135 52.895210
v -17.509329 19.640377 52.895210
v 18.549944 18.545135 52.895210
v 18.549944 18.545135 54.800434
v 18.549944 -18.316755 52.895210
v 18.549944 -18.316755 54.800434
v -17.509329 -19.411997 54.800434
v -17.509329 -19.411997 52.895210
v 17.509424 -19.411997 54.800434
v 17.509424 -19.411997 52.895210
v 17.509424 19.640377 52.895210
v -17.509329 19.640377 52.895210
v 17.509424 19.640377 54.800434
v -17.509329 19.640377 54.800434
v -18.549852 18.545135 54.800434
v -18.549852 18.545135 52.895210
v -18.549852 -18.316755 54.800434
v -18.549852 -18.316755 52.895210
v 18.549944 18.545135 52.895210
v 18.549944 -18.316755 52.895210
v 17.509424 19.640377 52.895210
v 17.509424 -19.411997 52.895210
v -21.353617 -22.364281 0.763647
v -21.353617 -17.665228 0.763647
v -21.353617 -22.364281 0.000002
v -21.353617 -17.665228 0.000002
v -16.889477 -17.665228 0.000001
v -21.353617 -17.665228 0.000002
v -16.889477 -17.665228 0.763646
v -21.353617 -17.665228 0.763647
v -21.353617 -22.364281 0.000002
v -16.889477 -22.364281 0.000001
v -21.353617 -22.364281 0.763647
v -16.889477 -22.364281 0.763646
v -16.889477 -17.665228 0.763646
v -16.889477 -22.364281 0.763646
v -16.889477 -17.665228 0.000001
v -16.889477 -22.364281 0.000001
v -21.353617 17.893534 0.763647
v -21.353617 22.592587 0.763647
v -21.353617 17.893534 0.000002
v -21.353617 22.592587 0.000002
v -16.889477 22.592587 0.000001
v -21.353617 22.592587 0.000002
v -16.889477 22.592587 0.763646
v -21.353617 22.592587 0.763647
v -21.353617 17.893534 0.000002
v -16.889477 17.893534 0.000001
v -21.353617 17.893534 0.763647
v -16.889477 17.893534 0.763646
v -16.889477 22.592587 0.763646
v -16.889477 17.893534 0.763646
v -16.889477 22.592587 0.000001
v -16.889477 17.893534 0.000001
v 16.889158 17.893534 0.763645
v 16.889158 22.592587 0.763645
v 16.889158 17.893534 -0.000001
v 16.889158 22.592587 -0.000001
v 21.353296 22.592587 -0.000002
v 16.889158 22.592587 -0.000001
v 21.353296 22.592587 0.763644
v 16.889158 22.592587 0.763645
v 16.889158 17.893534 -0.000001
v 21.353296 17.893534 -0.000002
v 16.889158 17.893534 0.763645
v 21.353296 17.893534 0.763644
v 21.353296 22.592587 0.763644
v 21.353296 17.893534 0.763644
v 21.353296 22.592587 -0.000002
v 21.353296 17.893534 -0.000002
v 16.889355 -22.364466 0.763645
v 16.889355 -17.665411 0.763645
v 16.889355 -22.364466 -0.000001
v 16.889355 -17.665411 -0.000001
v 21.353493 -17.665411 -0.000002
v 16.889355 -17.665411 -0.000001
v 21.353493 -17.665411 0.763644
v 16.889355 -17.665411 0.763645
v 16.889355 -22.364466 -0.000001
v 21.353493 -22.364466 -0.000002
v 16.889355 -22.364466 0.763645
v 21.353493 -22.364466 0.763644
v 21.353493 -17.665411 0.763644
v 21.353493 -22.364466 0.763644
v 21.353493 -17.665411 -0.000002
v 21.353493 -22.364466 -0.000002
v -0.258120 14.438571 53.214222
v -0.258120 16.632816 53.214252
v 15.620369 16.960859 32.411015
v 15.620369 19.155144 32.410992
v 15.620369 19.155144 32.410992
v -0.258120 16.632816 53.214252
v 17.167212 19.155144 33.881855
v 1.288608 16.632856 54.685078
v 17.167212 19.155144 33.881855
v 1.288608 16.632856 54.685078
v 17.167212 16.960897 33.881874
v 1.288685 14.438532 54.685093
v 15.620369 16.960859 32.411015
v 17.167212 16.960897 33.881874
v -0.258120 14.438571 53.214222
v 1.288685 14.438532 54.685093
v -1.288367 14.438571 54.685093
v -1.288367 16.632854 54.685093
v -17.167011 16.960896 33.881866
v -17.166935 19.155142 33.881866
v -15.620051 19.155142 32.411015
v -17.166935 19.155142 33.881866
v 0.258477 16.632854 53.214241
v -1.288367 16.632854 54.685093
v -15.620051 19.155142 32.411015
v 0.258477 16.632854 53.214241
v -15.620129 16.960896 32.411015
v 0.258477 14.438571 53.214241
v -15.620129 16.960896 32.411015
v 0.258477 14.438571 53.214241
v -17.167011 16.960896 33.881866
v -1.288367 14.438571 54.685093
v -15.671598 16.503675 35.730221
v 16.083904 16.503675 35.730221
v -15.671598 18.189194 35.730221
v 16.083828 18.189194 35.730221
v -15.671598 18.189194 34.066399
v -15.671598 18.189194 35.730221
v 16.083828 18.189194 34.066410
v 16.083828 18.189194 35.730221
v -15.671598 16.503675 34.066399
v -15.671598 18.189194 34.066399
v 16.083904 16.503675 34.066410
v 16.083828 18.189194 34.066410
v -15.671598 16.503675 35.730221
v -15.671598 16.503675 34.066399
v 16.083904 16.503675 35.730221
v 16.083904 16.503675 34.066410
v 5.429245 -20.316511 32.014801
v 5.429245 -21.578876 32.158833
v 4.222768 -20.316551 32.014790
v 4.222846 -21.578876 32.158833
v 4.222772 -8.930346 89.514557
v 5.429249 -8.930346 89.514557
v 4.222772 -9.863816 91.440445
v 5.429249 -9.863816 91.440445
v 4.222772 -8.930346 89.514557
v 4.222772 -9.863816 91.440445
v 4.222772 -7.772665 90.036728
v 4.222773 -8.997862 92.344887
v 5.429249 -7.772665 90.036728
v 4.222772 -7.772665 90.036728
v 5.429249 -8.997862 92.344887
v 4.222773 -8.997862 92.344887
v 5.429249 -8.930346 89.514557
v 5.429249 -7.772665 90.036728
v 5.429249 -9.863816 91.440445
v 5.429249 -8.997862 92.344887
v 5.429249 -7.772665 90.036728
v 5.429249 -8.930346 89.514557
v 4.222772 -7.772665 90.036728
v 4.222772 -8.930346 89.514557
v 13.608245 0.385940 53.214222
v 15.692846 0.385901 53.214252
v 16.004454 -16.328272 32.411015
v 18.088978 -16.328272 32.410992
v 18.088978 -16.328272 32.410992
v 15.692846 0.385901 53.214252
v 18.088978 -17.956545 33.881855
v 15.692769 -1.242294 54.685081
v 18.088978 -17.956545 33.881855
v 15.692769 -1.242294 54.685081
v 16.004454 -17.956545 33.881874
v 13.608243 -1.242294 54.685093
v 16.004454 -16.328272 32.411015
v 16.004454 -17.956545 33.881874
v 13.608245 0.385940 53.214222
v 13.608243 -1.242294 54.685093
v -13.608080 -0.157593 53.214222
v -15.692681 -0.157631 53.214252
v -16.004292 16.556620 32.411015
v -18.088894 16.556620 32.410995
v -18.088894 16.556620 32.410995
v -15.692681 -0.157631 53.214252
v -18.088894 18.184893 33.881855
v -15.692759 1.470641 54.685078
v -18.088894 18.184893 33.881855
v -15.692759 1.470641 54.685078
v -16.004292 18.184893 33.881874
v -13.608080 1.470641 54.685093
v -16.004292 16.556620 32.411015
v -16.004292 18.184893 33.881874
v -13.608080 -0.157593 53.214222
v -13.608080 1.470641 54.685093
v 0.258244 -14.210222 53.214222
v 0.258244 -16.404547 53.214252
v -15.620206 -16.732588 32.411015
v -15.620284 -18.926796 32.410995
v -15.620284 -18.926796 32.410995
v 0.258244 -16.404547 53.214252
v -17.167128 -18.926796 33.881855
v -1.288599 -16.404507 54.685078
v -17.167128 -18.926796 33.881855
v -1.288599 -16.404507 54.685078
v -17.167089 -16.732588 33.881874
v -1.288522 -14.210261 54.685093
v -15.620206 -16.732588 32.411015
v -17.167089 -16.732588 33.881874
v 0.258244 -14.210222 53.214222
v -1.288522 -14.210261 54.685093
v 13.608165 1.470409 54.685093
v 15.692769 1.470409 54.685093
v 16.004375 18.184658 33.881863
v 18.088978 18.184658 33.881863
v 18.088978 16.556387 32.411015
v 18.088978 18.184658 33.881863
v 15.692769 -0.157864 53.214241
v 15.692769 1.470409 54.685093
v 18.088978 16.556387 32.411015
v 15.692769 -0.157864 53.214241
v 16.004375 16.556387 32.411015
v 13.608168 -0.157864 53.214241
v 16.004375 16.556387 32.411015
v 13.608168 -0.157864 53.214241
v 16.004375 18.184658 33.881863
v 13.608165 1.470409 54.685093
v -13.608157 -1.242061 54.685093
v -15.692759 -1.242061 54.685093
v -16.004370 -17.956312 33.881866
v -18.088894 -17.956312 33.881866
v -18.088894 -16.328039 32.411015
v -18.088894 -17.956312 33.881866
v -15.692759 0.386211 53.214241
v -15.692759 -1.242061 54.685093
v -18.088894 -16.328039 32.411015
v -15.692759 0.386211 53.214241
v -16.004370 -16.328039 32.411015
v -13.608157 0.386211 53.214241
v -16.004370 -16.328039 32.411015
v -13.608157 0.386211 53.214241
v -16.004370 -17.956312 33.881866
v -13.608157 -1.242061 54.685093
v 1.288530 -14.210222 54.685093
v 1.288530 -16.404507 54.685093
v 17.167019 -16.732550 33.881863
v 17.167019 -18.926796 33.881863
v 15.620137 -18.926796 32.411015
v 17.167019 -18.926796 33.881863
v -0.258314 -16.404507 53.214241
v 1.288530 -16.404507 54.685093
v 15.620137 -18.926796 32.411015
v -0.258314 -16.404507 53.214241
v 15.620137 -16.732550 32.411015
v -0.258314 -14.210222 53.214241
v 15.620137 -16.732550 32.411015
v -0.258314 -14.210222 53.214241
v 17.167019 -16.732550 33.881863
v 1.288530 -14.210222 54.685093
v 16.130415 -16.198399 52.895142
v 15.497042 -16.865217 52.895142
v 20.353098 -20.643398 0.763644
v 19.719727 -21.310217 0.763643
v 13.596848 -14.198210 52.895142
v 17.819611 -18.643209 0.763644
v 13.596848 -16.865217 52.895142
v 17.819611 -21.310217 0.763644
v 15.497042 -16.865217 52.895142
v 13.596848 -16.865217 52.895142
v 19.719727 -21.310217 0.763643
v 17.819611 -21.310217 0.763644
v 16.130415 -16.198399 52.895142
v 20.353098 -20.643398 0.763644
v 16.130337 -14.198210 52.895142
v 20.353022 -18.643209 0.763644
v 13.596848 -14.198210 52.895142
v 16.130337 -14.198210 52.895142
v 17.819611 -18.643209 0.763644
v 20.353022 -18.643209 0.763644
v -16.130407 16.426744 52.895142
v -15.497034 17.093565 52.895142
v -20.353096 20.871744 0.763647
v -19.719725 21.538565 0.763647
v -13.596685 14.426558 52.895142
v -17.819452 18.871557 0.763647
v -13.596685 17.093565 52.895142
v -17.819452 21.538565 0.763647
v -15.497034 17.093565 52.895142
v -13.596685 17.093565 52.895142
v -19.719725 21.538565 0.763647
v -17.819452 21.538565 0.763647
v -16.130407 16.426744 52.895142
v -20.353096 20.871744 0.763647
v -16.130329 14.426558 52.895142
v -20.353018 18.871557 0.763647
v -13.596685 14.426558 52.895142
v -16.130329 14.426558 52.895142
v -17.819452 18.871557 0.763647
v -20.353018 18.871557 0.763647
v -15.716750 -9.012168 44.969269
v -15.593773 -9.565313 46.251751
v -16.993029 -8.939304 45.136238
v -16.870052 -9.492449 46.418793
v -15.593773 -9.565313 46.251751
v -15.408319 -8.609713 47.405090
v -16.870052 -9.492449 46.418793
v -16.684637 -8.536849 47.572136
v -16.648941 -7.166234 47.276028
v -15.372663 -7.239099 47.109062
v -16.734324 -5.284954 45.732403
v -15.458045 -5.357818 45.565357
v -15.802134 -7.130888 43.425568
v -15.716750 -9.012168 44.969269
v -17.078411 -7.058024 43.592609
v -16.993029 -8.939304 45.136238
v -15.408319 -8.609713 47.405090
v -15.372663 -7.239099 47.109062
v -16.684637 -8.536849 47.572136
v -16.648941 -7.166234 47.276028
v -15.802134 -7.130888 43.425568
v -17.078411 -7.058024 43.592609
v -15.458045 -5.357818 45.565357
v -16.734324 -5.284954 45.732403
v -8.669971 16.658201 44.969269
v -9.195520 16.528753 46.251751
v -8.600750 18.001686 45.136238
v -9.126300 17.872238 46.418793
v -8.287668 16.333572 47.405090
v -8.218448 17.676899 47.572136
v -9.195520 16.528753 46.251751
v -9.126300 17.872238 46.418793
v -6.916396 17.639381 47.276028
v -6.985617 16.295900 47.109062
v -5.129141 17.729300 45.732403
v -5.198400 16.385817 45.565357
v -6.882755 16.748119 43.425568
v -8.669971 16.658201 44.969269
v -6.813534 18.091448 43.592609
v -8.600750 18.001686 45.136238
v -8.218448 17.676899 47.572136
v -8.287668 16.333572 47.405090
v -6.916396 17.639381 47.276028
v -6.985617 16.295900 47.109062
v -6.813534 18.091448 43.592609
v -5.129141 17.729300 45.732403
v -6.882755 16.748119 43.425568
v -5.198400 16.385817 45.565357
v 8.670058 -16.429855 44.969269
v 9.195607 -16.300406 46.251751
v 8.600838 -17.773338 45.136238
v 9.126387 -17.643888 46.418793
v 8.287717 -16.105223 47.405090
v 8.218496 -17.448551 47.572136
v 9.195607 -16.300406 46.251751
v 9.126387 -17.643888 46.418793
v 6.916483 -17.411036 47.276028
v 6.985703 -16.067551 47.109062
v 5.129266 -17.500952 45.732403
v 5.198487 -16.157469 45.565357
v 6.882842 -16.519772 43.425568
v 8.670058 -16.429855 44.969269
v 6.813621 -17.863100 43.592609
v 8.600838 -17.773338 45.136238
v 8.218496 -17.448551 47.572136
v 8.287717 -16.105223 47.405090
v 6.916483 -17.411036 47.276028
v 6.985703 -16.067551 47.109062
v 6.813621 -17.863100 43.592609
v 5.129266 -17.500952 45.732403
v 6.882842 -16.519772 43.425568
v 5.198487 -16.157469 45.565357
v 15.716837 9.240517 44.969269
v 15.593861 9.793661 46.251751
v 16.993116 9.167652 45.136238
v 16.870138 9.720797 46.418793
v 15.593861 9.793661 46.251751
v 15.408406 8.838060 47.405090
v 16.870138 9.720797 46.418793
v 16.684685 8.765197 47.572136
v 16.649029 7.394582 47.276028
v 15.372750 7.467446 47.109062
v 16.734411 5.513302 45.732403
v 15.458132 5.586166 45.565357
v 15.802218 7.359236 43.425568
v 15.716837 9.240517 44.969269
v 17.078499 7.286372 43.592609
v 16.993116 9.167652 45.136238
v 15.408406 8.838060 47.405090
v 15.372750 7.467446 47.109062
v 16.684685 8.765197 47.572136
v 16.649029 7.394582 47.276028
v 15.802218 7.359236 43.425568
v 17.078499 7.286372 43.592609
v 15.458132 5.586166 45.565357
v 16.734411 5.513302 45.732403
v -15.716750 9.240748 44.969242
v -16.993029 9.167885 45.136265
v -15.593812 9.793971 46.251701
v -16.870090 9.721107 46.418728
v -15.593812 9.793971 46.251701
v -16.870090 9.721107 46.418728
v -15.408319 8.838254 47.405090
v -16.684637 8.765390 47.572113
v -15.458045 5.586398 45.565388
v -15.372663 7.467679 47.109032
v -16.734324 5.513535 45.732410
v -16.648941 7.394815 47.276058
v -15.802134 7.359429 43.425587
v -17.078411 7.286566 43.592609
v -15.716750 9.240748 44.969242
v -16.993029 9.167885 45.136265
v -16.648941 7.394815 47.276058
v -15.372663 7.467679 47.109032
v -16.684637 8.765390 47.572113
v -15.408319 8.838254 47.405090
v -15.802134 7.359429 43.425587
v -15.458045 5.586398 45.565388
v -17.078411 7.286566 43.592609
v -16.734324 5.513535 45.732410
v 8.670291 16.658163 44.969242
v 8.601070 18.001610 45.136265
v 9.195879 16.528715 46.251701
v 9.126658 17.872160 46.418728
v 9.126658 17.872160 46.418728
v 8.218729 17.676937 47.572113
v 9.195879 16.528715 46.251701
v 8.287950 16.333494 47.405090
v 5.198642 16.385855 45.565388
v 6.985897 16.295977 47.109032
v 5.129421 17.729300 45.732410
v 6.916677 17.639421 47.276058
v 6.883074 16.748041 43.425587
v 6.813853 18.091488 43.592609
v 8.670291 16.658163 44.969242
v 8.601070 18.001610 45.136265
v 8.218729 17.676937 47.572113
v 6.916677 17.639421 47.276058
v 8.287950 16.333494 47.405090
v 6.985897 16.295977 47.109032
v 5.198642 16.385855 45.565388
v 5.129421 17.729300 45.732410
v 6.883074 16.748041 43.425587
v 6.813853 18.091488 43.592609
v -8.670203 -16.429855 44.969242
v -8.600983 -17.773300 45.136265
v -9.195791 -16.300406 46.251701
v -9.126571 -17.643850 46.418728
v -9.126571 -17.643850 46.418728
v -8.218641 -17.448629 47.572113
v -9.195791 -16.300406 46.251701
v -8.287862 -16.105185 47.405090
v -5.198555 -16.157507 45.565388
v -6.985810 -16.067629 47.109032
v -5.129334 -17.500952 45.732410
v -6.916590 -17.411112 47.276058
v -6.882987 -16.519693 43.425587
v -6.813766 -17.863178 43.592609
v -8.670203 -16.429855 44.969242
v -8.600983 -17.773300 45.136265
v -8.218641 -17.448629 47.572113
v -6.916590 -17.411112 47.276058
v -8.287862 -16.105185 47.405090
v -6.985810 -16.067629 47.109032
v -5.198555 -16.157507 45.565388
v -5.129334 -17.500952 45.732410
v -6.882987 -16.519693 43.425587
v -6.813766 -17.863178 43.592609
v 15.716837 -9.012401 44.969242
v 16.993116 -8.939537 45.136265
v 15.593899 -9.565661 46.251701
v 16.870178 -9.492798 46.418728
v 15.593899 -9.565661 46.251701
v 16.870178 -9.492798 46.418728
v 15.408406 -8.609945 47.405090
v 16.684685 -8.537081 47.572113
v 15.458132 -5.358050 45.565388
v 15.372750 -7.239370 47.109032
v 16.734411 -5.285187 45.732410
v 16.649029 -7.166506 47.276058
v 15.802218 -7.131121 43.425587
v 17.078499 -7.058257 43.592609
v 15.716837 -9.012401 44.969242
v 16.993116 -8.939537 45.136265
v 16.649029 -7.166506 47.276058
v 15.372750 -7.239370 47.109032
v 16.684685 -8.537081 47.572113
v 15.408406 -8.609945 47.405090
v 15.802218 -7.131121 43.425587
v 15.458132 -5.358050 45.565388
v 17.078499 -7.058257 43.592609
v 16.734411 -5.285187 45.732410
v 14.562935 15.448199 51.467709
v 15.750479 15.279566 51.552200
v 14.958977 8.144381 45.065929
v 16.146540 7.975709 45.150421
v 15.976279 7.091500 46.035950
v 16.146540 7.975709 45.150421
v 15.580315 14.395395 52.437729
v 15.750479 15.279566 51.552200
v 14.392752 14.564067 52.353237
v 14.788794 7.260133 45.951458
v 15.580315 14.395395 52.437729
v 15.976279 7.091500 46.035950
v 14.562935 15.448199 51.467709
v 14.958977 8.144381 45.065929
v 14.392752 14.564067 52.353237
v 14.788794 7.260133 45.951458
v -14.562886 -15.219851 51.467709
v -15.750410 -15.051218 51.552200
v -14.958966 -7.916034 45.065929
v -16.146414 -7.747439 45.150421
v -15.976230 -6.863153 46.035950
v -16.146414 -7.747439 45.150421
v -15.580227 -14.167125 52.437729
v -15.750410 -15.051218 51.552200
v -14.392703 -14.335719 52.353237
v -14.788648 -7.031785 45.951458
v -15.580227 -14.167125 52.437729
v -15.976230 -6.863153 46.035950
v -14.562886 -15.219851 51.467709
v -14.958966 -7.916034 45.065929
v -14.392703 -14.335719 52.353237
v -14.788648 -7.031785 45.951458
v -14.567305 15.443586 51.467709
v -14.407082 16.693586 51.552200
v -7.628736 15.860459 45.065929
v -7.468436 17.110422 45.150421
v -6.628507 16.931324 46.035950
v -7.468436 17.110422 45.150421
v -13.567152 16.514412 52.437729
v -14.407082 16.693586 51.552200
v -13.727375 15.264411 52.353237
v -6.788574 15.681246 45.951458
v -13.567152 16.514412 52.437729
v -6.628507 16.931324 46.035950
v -14.567305 15.443586 51.467709
v -7.628736 15.860459 45.065929
v -13.727375 15.264411 52.353237
v -6.788574 15.681246 45.951458
v 14.567353 -15.215239 51.467709
v 14.407169 -16.465240 51.552200
v 7.628746 -15.632113 45.065929
v 7.468561 -16.882153 45.150421
v 6.628554 -16.702978 46.035950
v 7.468561 -16.882153 45.150421
v 13.567240 -16.286142 52.437729
v 14.407169 -16.465240 51.552200
v 13.727424 -15.036063 52.353237
v 6.788739 -15.452899 45.951458
v 13.567240 -16.286142 52.437729
v 6.628554 -16.702978 46.035950
v 14.567353 -15.215239 51.467709
v 7.628746 -15.632113 45.065929
v 13.727424 -15.036063 52.353237
v 6.788739 -15.452899 45.951458
v 14.816154 -15.220201 51.467682
v 15.212175 -7.916228 45.065941
v 16.003717 -15.051568 51.552212
v 16.399700 -7.747595 45.150471
v 16.003717 -15.051568 51.552212
v 16.399700 -7.747595 45.150471
v 15.833456 -14.167319 52.437737
v 16.229439 -6.863347 46.035984
v 14.645892 -14.335953 52.353210
v 15.833456 -14.167319 52.437737
v 15.041915 -7.031980 45.951454
v 16.229439 -6.863347 46.035984
v 14.816154 -15.220201 51.467682
v 14.645892 -14.335953 52.353210
v 15.212175 -7.916228 45.065941
v 15.041915 -7.031980 45.951454
v -14.816146 15.448548 51.467682
v -15.212090 8.144575 45.065941
v -16.003632 15.279915 51.552212
v -16.399693 7.975942 45.150471
v -16.003632 15.279915 51.552212
v -16.399693 7.975942 45.150471
v -15.833409 14.395628 52.437737
v -16.229427 7.091655 46.035984
v -14.645885 14.564261 52.353210
v -15.833409 14.395628 52.437737
v -15.041863 7.260288 45.951454
v -16.229427 7.091655 46.035984
v -14.816146 15.448548 51.467682
v -14.645885 14.564261 52.353210
v -15.212090 8.144575 45.065941
v -15.041863 7.260288 45.951454
v 14.567682 15.710081 51.467682
v 7.628920 16.126955 45.065941
v 14.407537 16.960121 51.552212
v 7.468697 17.376995 45.150471
v 14.407537 16.960121 51.552212
v 7.468697 17.376995 45.150471
v 13.567472 16.780947 52.437737
v 6.628593 17.197781 46.035988
v 13.727617 15.530868 52.353210
v 13.567472 16.780947 52.437737
v 6.788855 15.947742 45.951458
v 6.628593 17.197781 46.035988
v 14.567682 15.710081 51.467682
v 13.727617 15.530868 52.353210
v 7.628920 16.126955 45.065941
v 6.788855 15.947742 45.951458
v -14.567673 -15.481734 51.467682
v -7.628833 -15.898569 45.065941
v -14.407450 -16.731813 51.552212
v -7.468688 -17.148609 45.150471
v -14.407450 -16.731813 51.552212
v -7.468688 -17.148609 45.150471
v -13.567385 -16.552637 52.437737
v -6.628584 -16.969473 46.035984
v -13.727608 -15.302598 52.353210
v -13.567385 -16.552637 52.437737
v -6.788768 -15.719433 45.951454
v -6.628584 -16.969473 46.035984
v -14.567673 -15.481734 51.467682
v -13.727608 -15.302598 52.353210
v -7.628833 -15.898569 45.065941
v -6.788768 -15.719433 45.951454
v 16.289322 16.419342 52.895210
v 16.749216 16.825907 48.741299
v 15.497005 17.248129 52.895210
v 15.917252 17.698450 48.741299
v -16.289268 -16.190992 52.895206
v -16.749125 -16.597557 48.741291
v -15.496952 -17.019779 52.895206
v -15.917159 -17.470100 48.741291
v 15.917291 -17.470333 48.741299
v 16.749254 -16.597790 48.741299
v 15.497045 -17.020012 52.895210
v 16.289360 -16.191225 52.895210
v 16.269478 19.248392 38.515270
v 18.126032 18.000252 38.574436
v 16.891726 19.656507 32.571110
v 18.692041 18.406816 32.623936
v -16.269409 19.248625 38.515274
v -16.891659 19.656740 32.571110
v -18.125954 18.000484 38.574436
v -18.691946 18.407049 32.623936
v -15.917193 17.698683 48.741287
v -16.749166 16.826138 48.741287
v -15.496971 17.248362 52.895203
v -16.289293 16.419575 52.895203
v -16.269390 -19.020044 38.515274
v -18.125944 -17.771904 38.574436
v -16.891678 -19.428160 32.571110
v -18.691956 -18.178469 32.623936
v 16.269478 -19.020277 38.515270
v 16.891726 -19.428392 32.571110
v 18.126032 -17.772137 38.574436
v 18.692041 -18.178701 32.623936
v -13.036178 -19.045742 38.142014
v -11.526503 -19.152905 36.581108
v -13.036178 -17.144035 38.011448
v -11.526503 -17.251200 36.450546
v -11.526503 -19.152905 36.581108
v -11.861947 -19.372892 33.377071
v -11.526503 -17.251200 36.450546
v -11.861947 -17.471186 33.246506
v -16.891642 -17.526531 32.440548
v -13.658427 -17.552151 32.067287
v -16.891642 -19.428198 32.571114
v -13.658427 -19.453856 32.197849
v -16.269390 -19.020084 38.515274
v -13.036178 -19.045742 38.142014
v -16.269390 -17.118418 38.384712
v -13.036178 -17.144035 38.011448
v -11.861947 -17.471186 33.246506
v -11.861947 -19.372892 33.377071
v -13.658427 -17.552151 32.067287
v -13.658427 -19.453856 32.197849
v 15.917249 17.698450 48.741291
v 10.248063 17.398235 50.550644
v 15.497042 17.248129 52.895206
v 9.912655 17.248129 52.895206
v 9.912655 15.898598 52.895206
v 14.655504 15.765816 52.895206
v 9.912655 17.248129 52.895206
v 15.497042 17.248129 52.895206
v 10.248063 17.398235 50.550644
v 10.248063 16.118586 50.550644
v 9.912655 17.248129 52.895206
v 9.912655 15.898598 52.895206
v 12.044581 16.199549 48.741299
v 12.044581 17.698450 48.741299
v 15.277753 16.173929 48.741291
v 15.917249 17.698450 48.741291
v 10.248063 16.118586 50.550644
v 10.248063 17.398235 50.550644
v 12.044581 16.199549 48.741299
v 12.044581 17.698450 48.741299
v 15.277753 16.173929 48.741291
v 14.655504 15.765816 52.895206
v 10.248063 16.118586 50.550644
v 9.912655 15.898598 52.895206
v -15.917159 -17.470140 48.741291
v -10.247971 -17.169926 50.550640
v -15.496952 -17.019819 52.895206
v -9.912569 -17.019819 52.895206
v -9.912569 -15.670288 52.895206
v -14.655415 -15.537506 52.895206
v -9.912569 -17.019819 52.895206
v -15.496952 -17.019819 52.895206
v -10.247971 -17.169926 50.550640
v -10.247971 -15.890275 50.550640
v -9.912569 -17.019819 52.895206
v -9.912569 -15.670288 52.895206
v -12.044489 -15.971239 48.741291
v -12.044489 -17.470140 48.741291
v -15.277663 -15.945621 48.741291
v -15.917159 -17.470140 48.741291
v -10.247971 -15.890275 50.550640
v -10.247971 -17.169926 50.550640
v -12.044489 -15.971239 48.741291
v -12.044489 -17.470140 48.741291
v -15.277663 -15.945621 48.741291
v -14.655415 -15.537506 52.895206
v -10.247971 -15.890275 50.550640
v -9.912569 -15.670288 52.895206
v 13.036303 -19.045975 38.142010
v 13.036303 -17.144268 38.011448
v 11.526628 -19.153137 36.581108
v 11.526628 -17.251432 36.450542
v 11.526628 -19.153137 36.581108
v 11.526628 -17.251432 36.450542
v 11.862072 -19.373125 33.377068
v 11.862072 -17.471418 33.246506
v 16.891726 -17.526764 32.440544
v 16.891726 -19.428431 32.571110
v 13.658551 -17.552383 32.067284
v 13.658551 -19.454088 32.197849
v 16.269478 -19.020317 38.515270
v 16.269478 -17.118650 38.384708
v 13.036303 -19.045975 38.142010
v 13.036303 -17.144268 38.011448
v 11.862072 -17.471418 33.246506
v 13.658551 -17.552383 32.067284
v 11.862072 -19.373125 33.377068
v 13.658551 -19.454088 32.197849
v 9.912616 -17.020012 52.895206
v 10.248024 -17.170158 50.550644
v 15.497004 -17.020050 52.895206
v 15.917249 -17.470333 48.741291
v 15.497004 -17.020050 52.895206
v 14.655466 -15.537739 52.895206
v 9.912616 -17.020012 52.895206
v 9.912616 -15.670521 52.895206
v 9.912616 -15.670521 52.895206
v 10.248024 -15.890508 50.550644
v 9.912616 -17.020012 52.895206
v 10.248024 -17.170158 50.550644
v 15.917249 -17.470333 48.741291
v 12.044542 -17.470333 48.741299
v 15.277715 -15.945853 48.741291
v 12.044542 -15.971472 48.741299
v 10.248024 -15.890508 50.550644
v 12.044542 -15.971472 48.741299
v 10.248024 -17.170158 50.550644
v 12.044542 -17.470333 48.741299
v 9.912616 -15.670521 52.895206
v 14.655466 -15.537739 52.895206
v 10.248024 -15.890508 50.550644
v 15.277715 -15.945853 48.741291
v -13.036217 19.274282 38.142014
v -13.036217 17.372576 38.011448
v -11.526542 19.381447 36.581108
v -11.526542 17.479740 36.450546
v -11.526542 19.381447 36.581108
v -11.526542 17.479740 36.450546
v -11.861986 19.601433 33.377071
v -11.861986 17.699728 33.246506
v -16.891642 17.755074 32.440548
v -16.891642 19.656740 32.571114
v -13.658465 17.780691 32.067287
v -13.658465 19.682398 32.197849
v -16.269430 19.248625 38.515274
v -16.269430 17.346958 38.384712
v -13.036217 19.274282 38.142014
v -13.036217 17.372576 38.011448
v -11.861986 17.699728 33.246506
v -13.658465 17.780691 32.067287
v -11.861986 19.601433 33.377071
v -13.658465 19.682398 32.197849
v 13.036263 19.274012 38.142010
v 11.526588 19.381174 36.581108
v 13.036263 17.372305 38.011448
v 11.526588 17.479469 36.450542
v 11.526588 19.381174 36.581108
v 11.862033 19.601162 33.377068
v 11.526588 17.479469 36.450542
v 11.862033 17.699455 33.246506
v 16.891685 17.754801 32.440544
v 13.658512 17.780420 32.067284
v 16.891685 19.656467 32.571110
v 13.658512 19.682125 32.197849
v 16.269440 19.248354 38.515270
v 13.036263 19.274012 38.142010
v 16.269440 17.346687 38.384708
v 13.036263 17.372305 38.011448
v 11.862033 17.699455 33.246506
v 11.862033 19.601162 33.377068
v 13.658512 17.780420 32.067284
v 13.658512 19.682125 32.197849
v -9.912531 17.248362 52.895206
v -10.247931 17.398468 50.550640
v -15.496913 17.248400 52.895206
v -15.917198 17.698683 48.741291
v -15.496913 17.248400 52.895206
v -14.655375 15.766087 52.895206
v -9.912531 17.248362 52.895206
v -9.912531 15.898870 52.895206
v -9.912531 15.898870 52.895206
v -10.247931 16.118856 50.550640
v -9.912531 17.248362 52.895206
v -10.247931 17.398468 50.550640
v -15.917198 17.698683 48.741291
v -12.044450 17.698683 48.741291
v -15.277624 16.174202 48.741291
v -12.044450 16.199820 48.741291
v -10.247931 16.118856 50.550640
v -12.044450 16.199820 48.741291
v -10.247931 17.398468 50.550640
v -12.044450 17.698683 48.741291
v -9.912531 15.898870 52.895206
v -14.655375 15.766087 52.895206
v -10.247931 16.118856 50.550640
v -15.277624 16.174202 48.741291
v -14.635842 -11.221490 52.895206
v -16.289307 -11.128356 52.895206
v -14.655415 -15.537467 52.895206
v -16.289307 -16.190992 52.895206
v -14.635842 -11.221490 52.895206
v -14.940940 -11.440624 50.550640
v -16.289307 -11.128356 52.895206
v -16.366163 -11.347529 50.550640
v -16.749084 -16.597557 48.741291
v -16.749125 -13.185712 48.741291
v -15.277663 -15.945581 48.741291
v -15.141199 -13.278807 48.741291
v -14.940940 -11.440624 50.550640
v -15.141199 -13.278807 48.741291
v -16.366163 -11.347529 50.550640
v -16.749125 -13.185712 48.741291
v 14.635935 11.449839 52.895210
v 16.289360 11.356705 52.895210
v 14.655507 15.765816 52.895210
v 16.289360 16.419342 52.895210
v 14.635935 11.449839 52.895210
v 14.940993 11.668973 50.550644
v 16.289360 11.356705 52.895210
v 16.366255 11.575877 50.550644
v 16.749178 16.825907 48.741299
v 16.749216 13.414060 48.741299
v 15.277756 16.173929 48.741299
v 15.141253 13.507155 48.741299
v 14.940993 11.668973 50.550644
v 15.141253 13.507155 48.741299
v 16.366255 11.575877 50.550644
v 16.749216 13.414060 48.741299
v 16.249865 13.030710 36.645523
v 18.050142 12.937576 36.828892
v 16.189211 14.681462 38.143570
v 17.989529 14.588367 38.326939
v 16.554962 13.249844 33.438072
v 18.355240 13.156749 33.621445
v 16.249865 13.030710 36.645523
v 18.050142 12.937576 36.828892
v 18.692003 18.406776 32.623936
v 18.555500 14.994931 32.376442
v 16.891685 17.754801 32.440544
v 16.755222 15.088026 32.193069
v 16.189211 14.681462 38.143570
v 17.989529 14.588367 38.326939
v 16.269440 17.346687 38.384708
v 18.125992 18.000214 38.574436
v 18.355240 13.156749 33.621445
v 16.554962 13.249844 33.438072
v 18.555500 14.994931 32.376442
v 16.755222 15.088026 32.193069
v 14.635935 -11.221723 52.895210
v 14.655507 -15.537700 52.895210
v 16.289400 -11.128589 52.895210
v 16.289400 -16.191225 52.895210
v 14.635935 -11.221723 52.895210
v 16.289400 -11.128589 52.895210
v 14.940993 -11.440857 50.550644
v 16.366293 -11.347762 50.550644
v 16.749216 -16.597790 48.741299
v 15.277756 -15.945814 48.741299
v 16.749216 -13.185944 48.741299
v 15.141253 -13.279039 48.741299
v 16.749216 -13.185944 48.741299
v 15.141253 -13.279039 48.741299
v 16.366293 -11.347762 50.550644
v 14.940993 -11.440857 50.550644
v 17.989567 -14.360330 38.326939
v 18.050180 -12.709539 36.828892
v 16.189251 -14.453424 38.143570
v 16.249905 -12.802672 36.645523
v 18.050180 -12.709539 36.828892
v 18.355280 -12.928712 33.621445
v 16.249905 -12.802672 36.645523
v 16.555002 -13.021807 33.438072
v 18.692041 -18.178740 32.623936
v 16.891726 -17.526764 32.440544
v 18.555538 -14.766894 32.376442
v 16.755260 -14.859989 32.193069
v 18.126032 -17.772175 38.574436
v 17.989567 -14.360330 38.326939
v 16.269478 -17.118650 38.384708
v 16.189251 -14.453424 38.143570
v 18.355280 -12.928712 33.621445
v 18.555538 -14.766894 32.376442
v 16.555002 -13.021807 33.438072
v 16.755260 -14.859989 32.193069
v -17.989479 14.588638 38.326942
v -18.050098 12.937847 36.828896
v -16.189163 14.681733 38.143574
v -16.249821 13.030981 36.645523
v -18.050098 12.937847 36.828896
v -18.355192 13.157021 33.621445
v -16.249821 13.030981 36.645523
v -16.554914 13.250115 33.438072
v -18.691956 18.407049 32.623936
v -16.891640 17.755074 32.440544
v -18.555452 14.995202 32.376442
v -16.755175 15.088298 32.193069
v -18.125944 18.000484 38.574436
v -17.989479 14.588638 38.326942
v -16.269430 17.346958 38.384712
v -16.189163 14.681733 38.143574
v -18.355192 13.157021 33.621445
v -18.555452 14.995202 32.376442
v -16.554914 13.250115 33.438072
v -16.755175 15.088298 32.193069
v -14.635803 11.450110 52.895206
v -14.655375 15.766087 52.895206
v -16.289307 11.356977 52.895206
v -16.289307 16.419613 52.895206
v -14.635803 11.450110 52.895206
v -16.289307 11.356977 52.895206
v -14.940901 11.669244 50.550640
v -16.366240 11.576149 50.550640
v -16.749163 16.826178 48.741291
v -15.277624 16.174202 48.741291
v -16.749163 13.414331 48.741291
v -15.141160 13.507426 48.741291
v -16.749163 13.414331 48.741291
v -15.141160 13.507426 48.741291
v -16.366240 11.576149 50.550640
v -14.940901 11.669244 50.550640
v -16.249781 -12.802441 36.645523
v -18.050058 -12.709307 36.828896
v -16.189163 -14.453192 38.143574
v -17.989441 -14.360097 38.326942
v -16.554876 -13.021574 33.438072
v -18.355154 -12.928479 33.621445
v -16.249781 -12.802441 36.645523
v -18.050058 -12.709307 36.828896
v -18.691917 -18.178507 32.623936
v -18.555412 -14.766662 32.376442
v -16.891640 -17.526531 32.440544
v -16.755135 -14.859756 32.193069
v -16.189163 -14.453192 38.143574
v -17.989441 -14.360097 38.326942
v -16.269390 -17.118418 38.384712
v -18.125904 -17.771942 38.574436
v -18.355154 -12.928479 33.621445
v -16.554876 -13.021574 33.438072
v -18.555412 -14.766662 32.376442
v -16.755135 -14.859756 32.193069
v 14.470479 3.011284 52.523209
v 16.281338 3.011284 52.523209
v 14.470479 1.629740 50.772606
v 16.281338 1.629740 50.772606
v 14.470479 1.629740 50.772606
v 16.281338 1.629740 50.772606
v 14.470479 -1.601187 50.772606
v 16.281338 -1.601187 50.772606
v 16.281338 -2.982769 55.947060
v 14.470477 -2.982769 55.947060
v 16.281338 -2.982769 52.523209
v 14.470479 -2.982769 52.523209
v 14.470477 3.011284 55.947060
v 16.281338 3.011284 55.947060
v 14.470479 3.011284 52.523209
v 16.281338 3.011284 52.523209
v 16.281338 -1.601187 50.772606
v 16.281338 -2.982769 52.523209
v 14.470479 -1.601187 50.772606
v 14.470479 -2.982769 52.523209
v 14.470477 3.011284 55.947060
v 14.470477 -2.982769 55.947060
v 16.281338 3.011284 55.947060
v 16.281338 -2.982769 55.947060
v -14.470430 -2.782936 52.523209
v -16.281250 -2.782936 52.523209
v -14.470430 -1.401393 50.772606
v -16.281250 -1.401393 50.772606
v -14.470430 -1.401393 50.772606
v -16.281250 -1.401393 50.772606
v -14.470430 1.829534 50.772606
v -16.281250 1.829534 50.772606
v -16.281250 3.211116 55.947060
v -14.470430 3.211116 55.947060
v -16.281250 3.211116 52.523209
v -14.470430 3.211116 52.523209
v -14.470430 -2.782936 55.947060
v -16.281250 -2.782936 55.947060
v -14.470430 -2.782936 52.523209
v -16.281250 -2.782936 52.523209
v -16.281250 1.829534 50.772606
v -16.281250 3.211116 52.523209
v -14.470430 1.829534 50.772606
v -14.470430 3.211116 52.523209
v -14.470430 -2.782936 55.947060
v -14.470430 3.211116 55.947060
v -16.281250 -2.782936 55.947060
v -16.281250 3.211116 55.947060
v -2.752231 15.346229 52.523209
v -2.752231 17.252392 52.523209
v -1.439753 15.346229 50.772606
v -1.439753 17.252392 50.772606
v -1.439753 15.346229 50.772606
v -1.439753 17.252392 50.772606
v 1.629633 15.346229 50.772606
v 1.629633 17.252392 50.772606
v 2.942150 17.252392 55.947060
v 2.942150 15.346229 55.947060
v 2.942150 17.252392 52.523209
v 2.942150 15.346229 52.523209
v -2.752231 15.346229 55.947060
v -2.752231 17.252392 55.947060
v -2.752231 15.346229 52.523209
v -2.752231 17.252392 52.523209
v 1.629633 17.252392 50.772606
v 2.942150 17.252392 52.523209
v 1.629633 15.346229 50.772606
v 2.942150 15.346229 52.523209
v -2.752231 15.346229 55.947060
v 2.942150 15.346229 55.947060
v -2.752231 17.252392 55.947060
v 2.942150 17.252392 55.947060
v 2.752278 -15.117880 52.523209
v 2.752278 -17.024042 52.523209
v 1.439838 -15.117880 50.772606
v 1.439838 -17.024042 50.772606
v 1.439838 -15.117880 50.772606
v 1.439838 -17.024042 50.772606
v -1.629548 -15.117880 50.772606
v -1.629548 -17.024042 50.772606
v -2.942064 -17.024042 55.947060
v -2.942064 -15.117880 55.947060
v -2.942064 -17.024042 52.523209
v -2.942064 -15.117880 52.523209
v 2.752278 -15.117880 55.947060
v 2.752278 -17.024042 55.947060
v 2.752278 -15.117880 52.523209
v 2.752278 -17.024042 52.523209
v -1.629548 -17.024042 50.772606
v -2.942064 -17.024042 52.523209
v -1.629548 -15.117880 50.772606
v -2.942064 -15.117880 52.523209
v 2.752278 -15.117880 55.947060
v -2.942064 -15.117880 55.947060
v 2.752278 -17.024042 55.947060
v -2.942064 -17.024042 55.947060
v 15.570063 16.610607 35.730221
v 15.570063 -16.816227 35.730221
v 17.171282 16.610607 35.730221
v 17.171282 -16.816227 35.730221
v 17.171282 16.610607 34.066395
v 17.171282 16.610607 35.730221
v 17.171282 -16.816227 34.066406
v 17.171282 -16.816227 35.730221
v 15.570063 16.610607 34.066395
v 17.171282 16.610607 34.066395
v 15.570063 -16.816227 34.066406
v 17.171282 -16.816227 34.066406
v 15.570063 16.610607 35.730221
v 15.570063 16.610607 34.066395
v 15.570063 -16.816227 35.730221
v 15.570063 -16.816227 34.066406
v -15.569977 -16.382261 35.730221
v -15.569977 17.044575 35.730221
v -17.171276 -16.382261 35.730221
v -17.171276 17.044575 35.730221
v -17.171276 -16.382261 34.066399
v -17.171276 -16.382261 35.730221
v -17.171276 17.044575 34.066410
v -17.171276 17.044575 35.730221
v -15.569977 -16.382261 34.066399
v -17.171276 -16.382261 34.066399
v -15.569977 17.044575 34.066410
v -17.171276 17.044575 34.066410
v -15.569977 -16.382261 35.730221
v -15.569977 -16.382261 34.066399
v -15.569977 17.044575 35.730221
v -15.569977 17.044575 34.066410
v 15.671684 -16.275330 35.730221
v -16.083822 -16.275330 35.730221
v 15.671607 -17.960846 35.730221
v -16.083822 -17.960846 35.730221
v 15.671607 -17.960846 34.066395
v 15.671607 -17.960846 35.730221
v -16.083822 -17.960846 34.066410
v -16.083822 -17.960846 35.730221
v 15.671684 -16.275330 34.066395
v 15.671607 -17.960846 34.066395
v -16.083822 -16.275330 34.066410
v -16.083822 -17.960846 34.066410
v 15.671684 -16.275330 35.730221
v 15.671684 -16.275330 34.066395
v -16.083822 -16.275330 35.730221
v -16.083822 -16.275330 34.066410
v 4.222730 -21.212620 35.128273
v 4.222730 -21.125454 36.163181
v -4.222763 -21.212620 35.128273
v -4.222763 -21.125416 36.163200
v 4.222730 -20.090479 36.076004
v -4.222763 -20.090479 36.076004
v 4.222730 -21.125454 36.163181
v -4.222763 -21.125416 36.163200
v 4.222730 -20.090479 36.076004
v 4.222730 -20.177721 35.041077
v -4.222763 -20.090479 36.076004
v -4.222763 -20.177683 35.041073
v 4.222730 -21.212620 35.128273
v -4.222763 -21.212620 35.128273
v 4.222730 -20.177721 35.041077
v -4.222763 -20.177683 35.041073
v 4.222730 -20.679512 41.455853
v 4.222730 -20.592348 42.490757
v -4.222762 -20.679512 41.455853
v -4.222762 -20.592308 42.490788
v 4.222730 -19.557371 42.403587
v -4.222762 -19.557371 42.403587
v 4.222730 -20.592348 42.490757
v -4.222762 -20.592308 42.490788
v 4.222730 -19.557371 42.403587
v 4.222730 -19.644613 41.368656
v -4.222762 -19.557371 42.403587
v -4.222762 -19.644575 41.368656
v 4.222730 -20.679512 41.455853
v -4.222762 -20.679512 41.455853
v 4.222730 -19.644613 41.368656
v -4.222762 -19.644575 41.368656
v 4.222731 -20.146404 47.783436
v 4.222731 -20.059238 48.818336
v -4.222762 -20.146404 47.783436
v -4.222762 -20.059200 48.818367
v 4.222731 -19.024263 48.731171
v -4.222762 -19.024263 48.731171
v 4.222731 -20.059238 48.818336
v -4.222762 -20.059200 48.818367
v 4.222731 -19.024263 48.731171
v 4.222731 -19.111506 47.696239
v -4.222762 -19.024263 48.731171
v -4.222762 -19.111467 47.696236
v 4.222731 -20.146404 47.783436
v -4.222762 -20.146404 47.783436
v 4.222731 -19.111506 47.696239
v -4.222762 -19.111467 47.696236
v 4.222731 -19.613297 54.111019
v 4.222731 -19.526133 55.145920
v -4.222761 -19.613297 54.111019
v -4.222761 -19.526093 55.145947
v 4.222731 -18.491158 55.058750
v -4.222761 -18.491158 55.058750
v 4.222731 -19.526133 55.145920
v -4.222761 -19.526093 55.145947
v 4.222731 -18.491158 55.058750
v 4.222731 -18.578362 54.023823
v -4.222761 -18.491158 55.058750
v -4.222761 -18.578362 54.023819
v 4.222731 -19.613297 54.111019
v -4.222761 -19.613297 54.111019
v 4.222731 -18.578362 54.023823
v -4.222761 -18.578362 54.023819
v 4.222732 -19.080191 60.438599
v 4.222732 -18.993025 61.473503
v -4.222761 -19.080191 60.438599
v -4.222761 -18.992987 61.473530
v 4.222732 -17.958050 61.386333
v -4.222761 -17.958050 61.386333
v 4.222732 -18.993025 61.473503
v -4.222761 -18.992987 61.473530
v 4.222732 -17.958050 61.386333
v 4.222732 -18.045254 60.351402
v -4.222761 -17.958050 61.386333
v -4.222761 -18.045254 60.351402
v 4.222732 -19.080191 60.438599
v -4.222761 -19.080191 60.438599
v 4.222732 -18.045254 60.351402
v -4.222761 -18.045254 60.351402
v 4.222732 -18.547083 66.766182
v 4.222732 -18.459919 67.801086
v -4.222760 -18.547083 66.766182
v -4.222760 -18.459879 67.801109
v 4.222732 -17.424942 67.713913
v -4.222760 -17.424942 67.713913
v 4.222732 -18.459919 67.801086
v -4.222760 -18.459879 67.801109
v 4.222732 -17.424942 67.713913
v 4.222732 -17.512146 66.678986
v -4.222760 -17.424942 67.713913
v -4.222760 -17.512108 66.678978
v 4.222732 -18.547083 66.766182
v -4.222760 -18.547083 66.766182
v 4.222732 -17.512146 66.678986
v -4.222760 -17.512108 66.678978
v 4.222733 -18.013937 73.093758
v 4.222733 -17.926773 74.128670
v -4.222760 -18.013937 73.093758
v -4.222760 -17.926773 74.128693
v 4.222733 -16.891836 74.041496
v -4.222760 -16.891836 74.041496
v 4.222733 -17.926773 74.128670
v -4.222760 -17.926773 74.128693
v 4.222733 -16.891836 74.041496
v 4.222733 -16.979040 73.006561
v -4.222760 -16.891836 74.041496
v -4.222760 -16.979040 73.006561
v 4.222733 -18.013937 73.093758
v -4.222760 -18.013937 73.093758
v 4.222733 -16.979040 73.006561
v -4.222760 -16.979040 73.006561
v 4.222733 -17.480831 79.421341
v 4.222733 -17.393703 80.456253
v -4.222759 -17.480831 79.421341
v -4.222759 -17.393665 80.456276
v 4.222733 -16.358690 80.369087
v -4.222759 -16.358690 80.369072
v 4.222733 -17.393703 80.456253
v -4.222759 -17.393665 80.456276
v 4.222733 -16.358690 80.369087
v 4.222733 -16.445932 79.334152
v -4.222759 -16.358690 80.369072
v -4.222759 -16.445894 79.334152
v 4.222733 -17.480831 79.421341
v -4.222759 -17.480831 79.421341
v 4.222733 -16.445932 79.334152
v -4.222759 -16.445894 79.334152
v 4.222733 -16.947723 85.748924
v 4.222733 -16.860558 86.783829
v -4.222759 -16.947723 85.748924
v -4.222759 -16.860519 86.783859
v 4.222733 -15.825621 86.696663
v -4.222759 -15.825621 86.696663
v 4.222733 -16.860558 86.783829
v -4.222759 -16.860519 86.783859
v 4.222733 -15.825621 86.696663
v 4.222733 -15.912825 85.661728
v -4.222759 -15.825621 86.696663
v -4.222759 -15.912786 85.661728
v 4.222733 -16.947723 85.748924
v -4.222759 -16.947723 85.748924
v 4.222733 -15.912825 85.661728
v -4.222759 -15.912786 85.661728
v -5.429235 -8.930346 89.514557
v -4.222759 -8.930346 89.514557
v -5.429235 -9.863816 91.440445
v -4.222759 -9.863816 91.440445
v -5.429235 -8.930346 89.514557
v -5.429235 -9.863816 91.440445
v -5.429235 -7.772665 90.036728
v -5.429235 -8.997862 92.344887
v -4.222759 -7.772665 90.036728
v -5.429235 -7.772665 90.036728
v -4.222758 -8.997862 92.344887
v -5.429235 -8.997862 92.344887
v -4.222759 -8.930346 89.514557
v -4.222759 -7.772665 90.036728
v -4.222759 -9.863816 91.440445
v -4.222758 -8.997862 92.344887
v -4.222759 -7.772665 90.036728
v -4.222759 -8.930346 89.514557
v -5.429235 -7.772665 90.036728
v -5.429235 -8.930346 89.514557
v -4.222763 -20.316511 32.014801
v -4.222763 -21.578915 32.158833
v -5.429240 -20.316551 32.014790
v -5.429240 -21.578915 32.158833
v 15.496964 17.093254 52.895142
v 16.130491 16.426590 52.895142
v 19.719727 21.538254 0.763643
v 20.353176 20.871590 0.763644
v 13.596848 14.426285 52.895142
v 17.819611 18.871284 0.763644
v 16.130491 14.426285 52.895142
v 20.353176 18.871284 0.763644
v 16.130491 16.426590 52.895142
v 16.130491 14.426285 52.895142
v 20.353176 20.871590 0.763644
v 20.353176 18.871284 0.763644
v 15.496964 17.093254 52.895142
v 19.719727 21.538254 0.763643
v 13.596848 17.093254 52.895142
v 17.819611 21.538254 0.763644
v 13.596848 14.426285 52.895142
v 13.596848 17.093254 52.895142
v 17.819611 18.871284 0.763644
v 17.819611 21.538254 0.763644
v -15.496957 -16.864906 52.895142
v -16.130329 -16.198240 52.895142
v -19.719725 -21.309906 0.763647
v -20.353018 -20.643240 0.763647
v -13.596685 -14.198014 52.895142
v -17.819452 -18.643013 0.763647
v -16.130329 -14.198014 52.895142
v -20.353018 -18.643013 0.763647
v -16.130329 -16.198240 52.895142
v -16.130329 -14.198014 52.895142
v -20.353018 -20.643240 0.763647
v -20.353018 -18.643013 0.763647
v -15.496957 -16.864906 52.895142
v -19.719725 -21.309906 0.763647
v -13.596685 -16.864906 52.895142
v -17.819452 -21.309906 0.763647
v -13.596685 -14.198014 52.895142
v -13.596685 -16.864906 52.895142
v -17.819452 -18.643013 0.763647
v -17.819452 -21.309906 0.763647
v 3.581757 20.564093 52.366669
v 2.506067 17.830462 52.366669
v 2.506067 23.297726 52.366669
v -0.090882 16.698105 52.366669
v -0.090882 24.430082 52.366669
v -2.687831 23.297726 52.366669
v -2.687831 17.830462 52.366669
v -3.763521 20.564093 52.366669
v 2.506068 17.830462 59.475536
v 2.506067 17.830462 52.366669
v 3.581757 20.564093 52.366669
v 3.581758 20.564093 59.475536
v 2.506067 23.297726 52.366669
v 2.506068 23.297726 59.475536
v -0.090882 24.430082 52.366669
v -0.090881 24.430082 59.475536
v -2.687831 23.297726 52.366669
v -2.687830 23.297726 59.475536
v -3.763521 20.564093 52.366669
v -3.763520 20.564093 59.475536
v -2.687831 17.830462 52.366669
v -2.687830 17.830462 59.475536
v -0.090882 16.698105 52.366669
v -0.090881 16.698105 59.475536
v 2.506067 17.830462 52.366669
v 2.506068 17.830462 59.475536
v 1.764096 18.611494 7.108868
v 1.764096 18.611494 -0.000000
v 2.532444 20.564089 -0.000000
v 2.532445 20.564089 7.108868
v 1.764096 22.516682 -0.000000
v 1.764096 22.516682 7.108868
v -0.090868 23.325508 0.000000
v -0.090868 23.325508 7.108868
v -1.945833 22.516682 0.000000
v -1.945832 22.516682 7.108868
v -2.714181 20.564089 0.000000
v -2.714181 20.564089 7.108868
v -1.945833 18.611494 0.000000
v -1.945832 18.611494 7.108868
v -0.090868 17.802668 0.000000
v -0.090868 17.802668 7.108868
v 1.764096 18.611494 -0.000000
v 1.764096 18.611494 7.108868
v -15.802134 -7.130888 43.425568
v -15.458045 -5.357818 45.565357
v -15.372663 -7.239099 47.109062
v -15.716750 -9.012168 44.969269
v -15.408319 -8.609713 47.405090
v -15.593773 -9.565313 46.251751
v -16.870052 -9.492449 46.418793
v -16.684637 -8.536849 47.572136
v -16.993029 -8.939304 45.136238
v -16.648941 -7.166234 47.276028
v -17.078411 -7.058024 43.592609
v -16.734324 -5.284954 45.732403
v -5.129141 17.729300 45.732403
v -6.813534 18.091448 43.592609
v -8.600750 18.001686 45.136238
v -6.916396 17.639381 47.276028
v -9.126300 17.872238 46.418793
v -8.218448 17.676899 47.572136
v 5.129266 -17.500952 45.732403
v 6.813621 -17.863100 43.592609
v 8.600838 -17.773338 45.136238
v 6.916483 -17.411036 47.276028
v 9.126387 -17.643888 46.418793
v 8.218496 -17.448551 47.572136
v 15.802218 7.359236 43.425568
v 15.458132 5.586166 45.565357
v 15.372750 7.467446 47.109062
v 15.716837 9.240517 44.969269
v 15.408406 8.838060 47.405090
v 15.593861 9.793661 46.251751
v 16.870138 9.720797 46.418793
v 16.684685 8.765197 47.572136
v 16.993116 9.167652 45.136238
v 16.649029 7.394582 47.276028
v 17.078499 7.286372 43.592609
v 16.734411 5.513302 45.732403
v -15.593812 9.793971 46.251701
v -15.408319 8.838254 47.405090
v -15.716750 9.240748 44.969242
v -15.372663 7.467679 47.109032
v -15.802134 7.359429 43.425587
v -15.458045 5.586398 45.565388
v -17.078411 7.286566 43.592609
v -16.734324 5.513535 45.732410
v -16.648941 7.394815 47.276058
v -16.993029 9.167885 45.136265
v -16.684637 8.765390 47.572113
v -16.870090 9.721107 46.418728
v 5.198642 16.385855 45.565388
v 6.883074 16.748041 43.425587
v 8.670291 16.658163 44.969242
v 6.985897 16.295977 47.109032
v 9.195879 16.528715 46.251701
v 8.287950 16.333494 47.405090
v -5.198555 -16.157507 45.565388
v -6.882987 -16.519693 43.425587
v -8.670203 -16.429855 44.969242
v -6.985810 -16.067629 47.109032
v -9.195791 -16.300406 46.251701
v -8.287862 -16.105185 47.405090
v 15.593899 -9.565661 46.251701
v 15.408406 -8.609945 47.405090
v 15.716837 -9.012401 44.969242
v 15.372750 -7.239370 47.109032
v 15.802218 -7.131121 43.425587
v 15.458132 -5.358050 45.565388
v 17.078499 -7.058257 43.592609
v 16.734411 -5.285187 45.732410
v 16.649029 -7.166506 47.276058
v 16.993116 -8.939537 45.136265
v 16.684685 -8.537081 47.572113
v 16.870178 -9.492798 46.418728
v -16.891642 -17.526531 32.440548
v -16.269390 -17.118418 38.384712
v -13.036178 -17.144035 38.011448
v -13.658427 -17.552151 32.067287
v -11.526503 -17.251200 36.450546
v -11.861947 -17.471186 33.246506
v 16.891726 -19.428431 32.571110
v 16.269478 -19.020317 38.515270
v 13.036303 -19.045975 38.142010
v 13.658551 -19.454088 32.197849
v 11.526628 -19.153137 36.581108
v 11.862072 -19.373125 33.377068
v -16.891642 19.656740 32.571114
v -16.269430 19.248625 38.515274
v -13.036217 19.274282 38.142014
v -13.658465 19.682398 32.197849
v -11.526542 19.381447 36.581108
v -11.861986 19.601433 33.377071
v 16.891685 17.754801 32.440544
v 16.269440 17.346687 38.384708
v 13.036263 17.372305 38.011448
v 13.658512 17.780420 32.067284
v 11.526588 17.479469 36.450542
v 11.862033 17.699455 33.246506
v -16.749125 -13.185712 48.741291
v -16.749084 -16.597557 48.741291
v -16.366163 -11.347529 50.550640
v -16.289307 -16.190992 52.895206
v -16.289307 -11.128356 52.895206
v 16.749216 13.414060 48.741299
v 16.749178 16.825907 48.741299
v 16.366255 11.575877 50.550644
v 16.289360 16.419342 52.895210
v 16.289360 11.356705 52.895210
v 18.692003 18.406776 32.623936
v 18.125992 18.000214 38.574436
v 17.989529 14.588367 38.326939
v 18.555500 14.994931 32.376442
v 18.050142 12.937576 36.828892
v 18.355240 13.156749 33.621445
v 16.891726 -17.526764 32.440544
v 16.269478 -17.118650 38.384708
v 16.189251 -14.453424 38.143570
v 16.755260 -14.859989 32.193069
v 16.249905 -12.802672 36.645523
v 16.555002 -13.021807 33.438072
v -16.891640 17.755074 32.440544
v -16.269430 17.346958 38.384712
v -16.189163 14.681733 38.143574
v -16.755175 15.088298 32.193069
v -16.249821 13.030981 36.645523
v -16.554914 13.250115 33.438072
v -18.691917 -18.178507 32.623936
v -18.125904 -17.771942 38.574436
v -17.989441 -14.360097 38.326942
v -18.555412 -14.766662 32.376442
v -18.050058 -12.709307 36.828896
v -18.355154 -12.928479 33.621445
v 14.470479 1.629740 50.772606
v 14.470479 -1.601187 50.772606
v 14.470479 3.011284 52.523209
v 14.470479 -2.982769 52.523209
v 14.470477 3.011284 55.947060
v 14.470477 -2.982769 55.947060
v -14.470430 -1.401393 50.772606
v -14.470430 1.829534 50.772606
v -14.470430 -2.782936 52.523209
v -14.470430 3.211116 52.523209
v -14.470430 -2.782936 55.947060
v -14.470430 3.211116 55.947060
v -1.439753 15.346229 50.772606
v 1.629633 15.346229 50.772606
v -2.752231 15.346229 52.523209
v 2.942150 15.346229 52.523209
v -2.752231 15.346229 55.947060
v 2.942150 15.346229 55.947060
v 1.439838 -15.117880 50.772606
v -1.629548 -15.117880 50.772606
v 2.752278 -15.117880 52.523209
v -2.942064 -15.117880 52.523209
v 2.752278 -15.117880 55.947060
v -2.942064 -15.117880 55.947060
v 3.581758 20.564093 59.475536
v 2.506068 23.297726 59.475536
v 2.506068 17.830462 59.475536
v -0.090881 16.698105 59.475536
v -0.090881 24.430082 59.475536
v -2.687830 23.297726 59.475536
v -2.687830 17.830462 59.475536
v -3.763520 20.564093 59.475536
v 2.532445 20.564089 7.108868
v 1.764096 22.516682 7.108868
v 1.764096 18.611494 7.108868
v -0.090868 17.802668 7.108868
v -0.090868 23.325508 7.108868
v -1.945832 22.516682 7.108868
v -1.945832 18.611494 7.108868
v -2.714181 20.564089 7.108868
v 5.429245 -21.578876 32.158833
v 4.222772 -16.776457 89.160255
v 4.222846 -21.578876 32.158833
v 5.429249 -16.776495 89.160271
v 4.222773 -15.290927 92.538559
v 5.429249 -15.290966 92.538574
v 4.222773 -11.858500 93.981102
v 5.429249 -11.858500 93.981140
v 4.222773 -8.997862 92.344887
v 5.429249 -8.997862 92.344887
v 4.222768 -20.316551 32.014790
v 5.429249 -15.510952 89.053612
v 5.429245 -20.316511 32.014801
v 4.222772 -15.510952 89.053635
v 5.429249 -14.360828 91.720528
v 4.222773 -14.360828 91.720528
v 5.429249 -12.007406 92.719864
v 4.222773 -12.007406 92.719864
v 5.429249 -9.863816 91.440445
v 4.222772 -9.863816 91.440445
v 5.429245 -20.316511 32.014801
v 5.429249 -16.776495 89.160271
v 5.429245 -21.578876 32.158833
v 5.429249 -15.510952 89.053612
v 5.429249 -15.290966 92.538574
v 5.429249 -14.360828 91.720528
v 5.429249 -12.007406 92.719864
v 5.429249 -11.858500 93.981140
v 5.429249 -8.997862 92.344887
v 5.429249 -9.863816 91.440445
v 16.130337 -14.198210 52.895142
v 13.596848 -14.198210 52.895142
v 16.130415 -16.198399 52.895142
v 15.497042 -16.865217 52.895142
v 13.596848 -16.865217 52.895142
v -16.130329 14.426558 52.895142
v -13.596685 14.426558 52.895142
v -16.130407 16.426744 52.895142
v -15.497034 17.093565 52.895142
v -13.596685 17.093565 52.895142
v -9.195520 16.528753 46.251751
v -6.985617 16.295900 47.109062
v -8.287668 16.333572 47.405090
v -8.669971 16.658201 44.969269
v -5.198400 16.385817 45.565357
v -6.882755 16.748119 43.425568
v 9.195607 -16.300406 46.251751
v 6.985703 -16.067551 47.109062
v 8.287717 -16.105223 47.405090
v 8.670058 -16.429855 44.969269
v 5.198487 -16.157469 45.565357
v 6.882842 -16.519772 43.425568
v 9.126658 17.872160 46.418728
v 6.916677 17.639421 47.276058
v 8.218729 17.676937 47.572113
v 8.601070 18.001610 45.136265
v 5.129421 17.729300 45.732410
v 6.813853 18.091488 43.592609
v -9.126571 -17.643850 46.418728
v -6.916590 -17.411112 47.276058
v -8.218641 -17.448629 47.572113
v -8.600983 -17.773300 45.136265
v -5.129334 -17.500952 45.732410
v -6.813766 -17.863178 43.592609
v -11.526503 -19.152905 36.581108
v -13.658427 -19.453856 32.197849
v -11.861947 -19.372892 33.377071
v -13.036178 -19.045742 38.142014
v -16.891642 -19.428198 32.571114
v -16.269390 -19.020084 38.515274
v 11.526628 -17.251432 36.450542
v 13.658551 -17.552383 32.067284
v 11.862072 -17.471418 33.246506
v 13.036303 -17.144268 38.011448
v 16.891726 -17.526764 32.440544
v 16.269478 -17.118650 38.384708
v -11.526542 17.479740 36.450546
v -13.658465 17.780691 32.067287
v -11.861986 17.699728 33.246506
v -13.036217 17.372576 38.011448
v -16.891642 17.755074 32.440548
v -16.269430 17.346958 38.384712
v 11.526588 19.381174 36.581108
v 13.658512 19.682125 32.197849
v 11.862033 19.601162 33.377068
v 13.036263 19.274012 38.142010
v 16.891685 19.656467 32.571110
v 16.269440 19.248354 38.515270
v -14.655415 -15.537467 52.895206
v -14.940940 -11.440624 50.550640
v -14.635842 -11.221490 52.895206
v -15.277663 -15.945581 48.741291
v -15.141199 -13.278807 48.741291
v 14.655507 15.765816 52.895210
v 14.940993 11.668973 50.550644
v 14.635935 11.449839 52.895210
v 15.277756 16.173929 48.741299
v 15.141253 13.507155 48.741299
v 16.249865 13.030710 36.645523
v 16.755222 15.088026 32.193069
v 16.554962 13.249844 33.438072
v 16.189211 14.681462 38.143570
v 16.891685 17.754801 32.440544
v 16.269440 17.346687 38.384708
v 14.635935 -11.221723 52.895210
v 14.940993 -11.440857 50.550644
v 14.655507 -15.537700 52.895210
v 15.277756 -15.945814 48.741299
v 15.141253 -13.279039 48.741299
v 16.749216 -13.185944 48.741299
v 16.366293 -11.347762 50.550644
v 16.749216 -16.597790 48.741299
v 16.289400 -16.191225 52.895210
v 16.289400 -11.128589 52.895210
v 18.050180 -12.709539 36.828892
v 18.555538 -14.766894 32.376442
v 18.355280 -12.928712 33.621445
v 17.989567 -14.360330 38.326939
v 18.692041 -18.178740 32.623936
v 18.126032 -17.772175 38.574436
v -18.050098 12.937847 36.828896
v -18.555452 14.995202 32.376442
v -18.355192 13.157021 33.621445
v -17.989479 14.588638 38.326942
v -18.691956 18.407049 32.623936
v -18.125944 18.000484 38.574436
v -14.635803 11.450110 52.895206
v -14.940901 11.669244 50.550640
v -14.655375 15.766087 52.895206
v -15.277624 16.174202 48.741291
v -15.141160 13.507426 48.741291
v -16.749163 13.414331 48.741291
v -16.366240 11.576149 50.550640
v -16.749163 16.826178 48.741291
v -16.289307 16.419613 52.895206
v -16.289307 11.356977 52.895206
v -16.249781 -12.802441 36.645523
v -16.755135 -14.859756 32.193069
v -16.554876 -13.021574 33.438072
v -16.189163 -14.453192 38.143574
v -16.891640 -17.526531 32.440544
v -16.269390 -17.118418 38.384712
v -4.222763 -21.578915 32.158833
v -5.429235 -16.776457 89.160255
v -5.429240 -21.578915 32.158833
v -4.222759 -16.776495 89.160271
v -5.429235 -15.290927 92.538559
v -4.222758 -15.290966 92.538574
v -5.429235 -11.858500 93.981102
v -4.222758 -11.858500 93.981140
v -5.429235 -8.997862 92.344887
v -4.222758 -8.997862 92.344887
v -5.429240 -20.316551 32.014790
v -4.222759 -15.510952 89.053612
v -4.222763 -20.316511 32.014801
v -5.429235 -15.510952 89.053635
v -4.222758 -14.360828 91.720528
v -5.429235 -14.360828 91.720528
v -4.222758 -12.007406 92.719864
v -5.429235 -12.007406 92.719864
v -4.222759 -9.863816 91.440445
v -5.429235 -9.863816 91.440445
v -4.222763 -20.316511 32.014801
v -4.222759 -16.776495 89.160271
v -4.222763 -21.578915 32.158833
v -4.222759 -15.510952 89.053612
v -4.222758 -15.290966 92.538574
v -4.222758 -14.360828 91.720528
v -4.222758 -12.007406 92.719864
v -4.222758 -11.858500 93.981140
v -4.222758 -8.997862 92.344887
v -4.222759 -9.863816 91.440445
v 13.596848 17.093254 52.895142
v 13.596848 14.426285 52.895142
v 15.496964 17.093254 52.895142
v 16.130491 16.426590 52.895142
v 16.130491 14.426285 52.895142
v -13.596685 -16.864906 52.895142
v -13.596685 -14.198014 52.895142
v -15.496957 -16.864906 52.895142
v -16.130329 -16.198240 52.895142
v -16.130329 -14.198014 52.895142
v 4.222846 -21.578876 32.158833
v 4.222772 -15.510952 89.053635
v 4.222768 -20.316551 32.014790
v 4.222772 -16.776457 89.160255
v 4.222773 -15.290927 92.538559
v 4.222773 -14.360828 91.720528
v 4.222773 -12.007406 92.719864
v 4.222773 -11.858500 93.981102
v 4.222773 -8.997862 92.344887
v 4.222772 -9.863816 91.440445
v 16.281338 1.629740 50.772606
v 16.281338 3.011284 52.523209
v 16.281338 -1.601187 50.772606
v 16.281338 -2.982769 52.523209
v 16.281338 -2.982769 55.947060
v 16.281338 3.011284 55.947060
v -16.281250 -1.401393 50.772606
v -16.281250 -2.782936 52.523209
v -16.281250 1.829534 50.772606
v -16.281250 3.211116 52.523209
v -16.281250 3.211116 55.947060
v -16.281250 -2.782936 55.947060
v -1.439753 17.252392 50.772606
v -2.752231 17.252392 52.523209
v 1.629633 17.252392 50.772606
v 2.942150 17.252392 52.523209
v 2.942150 17.252392 55.947060
v -2.752231 17.252392 55.947060
v 1.439838 -17.024042 50.772606
v 2.752278 -17.024042 52.523209
v -1.629548 -17.024042 50.772606
v -2.942064 -17.024042 52.523209
v -2.942064 -17.024042 55.947060
v 2.752278 -17.024042 55.947060
v -5.429240 -21.578915 32.158833
v -5.429235 -15.510952 89.053635
v -5.429240 -20.316551 32.014790
v -5.429235 -16.776457 89.160255
v -5.429235 -15.290927 92.538559
v -5.429235 -14.360828 91.720528
v -5.429235 -12.007406 92.719864
v -5.429235 -11.858500 93.981102
v -5.429235 -8.997862 92.344887
v -5.429235 -9.863816 91.440445
v -0.974096 19.559135 -0.000014
v 0.008837 19.130674 -0.000015
v 0.008697 19.107536 73.874596
v -0.974092 19.534292 73.902618
v -1.381171 20.594034 -0.000014
v -0.974092 19.418795 74.435066
v 0.008697 19.016882 74.300941
v 0.008697 18.933477 74.459152
v -1.381165 20.564152 73.970131
v -0.974096 21.628195 -0.000014
v -1.381165 20.389782 74.758881
v -0.974092 19.246908 74.738884
v 0.008697 18.853132 74.532928
v -0.974092 21.594166 74.037666
v 0.008689 22.057083 -0.000015
v -0.008831 15.133046 74.532928
v -0.991911 15.133046 74.922012
v 0.008842 22.020767 74.065666
v 0.991769 21.628428 -0.000015
v -0.974092 19.016573 74.922012
v -1.398838 15.133046 75.861176
v -1.381165 20.004728 75.413918
v -1.381165 19.411587 75.861176
v -0.991765 15.133046 76.800346
v -0.974092 20.762123 76.089149
v -0.974092 19.806601 76.800346
v -0.008831 15.133046 77.189354
v -0.974092 21.359995 75.082642
v 0.008697 21.076019 76.368759
v 0.008697 21.762373 75.216759
v 0.008697 19.970234 77.189354
v 0.991776 21.594244 74.037666
v 1.398845 20.594034 -0.000015
v 0.991626 19.806679 76.800346
v 0.973953 15.133046 76.800346
v 1.398849 20.564152 73.970131
v 0.991622 19.559214 -0.000015
v 0.991777 21.360228 75.082642
v 0.991776 19.534369 73.902618
v 0.008837 19.130674 -0.000015
v 0.008697 19.107536 73.874596
v 0.991626 20.762201 76.089149
v 1.398849 20.389782 74.758881
v 0.991626 19.419027 74.435066
v 0.008697 19.016882 74.300941
v 0.008697 18.933477 74.459152
v 0.991626 19.247141 74.738884
v 0.008697 18.853132 74.532928
v 1.398850 20.004574 75.413918
v 0.991626 19.016651 74.922012
v 0.973808 15.133046 74.922012
v -0.008831 15.133046 74.532928
v 1.381031 15.133046 75.861176
v 1.398850 19.411587 75.861176
v 17.509424 -18.316755 55.752815
v 0.000048 0.114167 55.752815
v -17.509329 -18.316755 55.752815
v 17.509424 18.545135 55.752815
v -17.509329 18.545135 55.752815
v -21.353617 -22.364281 0.763647
v -19.121546 -20.014774 0.763647
v -21.353617 -17.665228 0.763647
v -16.889477 -22.364281 0.763646
v -16.889477 -17.665228 0.763646
v -21.353617 17.893534 0.763647
v -19.121546 20.243040 0.763647
v -21.353617 22.592587 0.763647
v -16.889477 17.893534 0.763646
v -16.889477 22.592587 0.763646
v 16.889158 17.893534 0.763645
v 19.121229 20.243040 0.763644
v 16.889158 22.592587 0.763645
v 21.353296 17.893534 0.763644
v 21.353296 22.592587 0.763644
v 16.889355 -22.364466 0.763645
v 19.121422 -20.014957 0.763645
v 16.889355 -17.665411 0.763645
v 21.353493 -22.364466 0.763644
v 21.353493 -17.665411 0.763644
v -3.004655 20.187002 7.110138
v 1.147996 17.995338 7.110138
v 0.713284 23.316576 7.110139
v 4.221503 -10.328001 92.763176
v 4.826011 -7.770908 90.036133
v 4.221503 -8.923464 89.980545
v 5.430519 -11.352930 92.705635
v 4.221503 -8.923464 89.980545
v 4.826011 -7.770908 90.036133
v 19.719727 -21.310217 0.763643
v 20.353098 -20.643398 0.763644
v 14.136166 -17.209005 52.896412
v 19.719727 -21.310217 0.763643
v 14.136166 -17.209005 52.896412
v 17.819611 -21.310217 0.763644
v 15.286163 -14.196805 52.896412
v 20.353022 -18.643209 0.763644
v 17.819611 -18.643209 0.763644
v -19.719725 21.538565 0.763647
v -20.353096 20.871744 0.763647
v -14.136042 17.437382 52.896412
v -19.719725 21.538565 0.763647
v -14.136042 17.437382 52.896412
v -17.819452 21.538565 0.763647
v -15.286102 14.425153 52.896412
v -20.353018 18.871557 0.763647
v -17.819452 18.871557 0.763647
v -15.370627 -8.272348 47.566196
v -16.096067 -5.319595 45.649055
v -16.763376 -9.350617 47.271187
v -16.763376 -9.350617 47.271187
v -16.096067 -5.319595 45.649055
v -16.440470 -7.094275 43.507320
v -9.289342 16.578251 45.886330
v -8.986294 17.757622 47.286377
v -6.847946 17.420000 43.507252
v -8.986294 17.757622 47.286377
v -5.162012 17.057438 45.649029
v -6.847946 17.420000 43.507252
v 9.289432 -16.349901 45.886341
v 8.986371 -17.529276 47.286373
v 6.848037 -17.191652 43.507256
v 8.986371 -17.529276 47.286373
v 5.162125 -16.829092 45.649029
v 6.848037 -17.191652 43.507256
v 15.370717 8.500697 47.566196
v 16.096157 5.547943 45.649055
v 16.763443 9.578966 47.271187
v 16.763443 9.578966 47.271187
v 16.096157 5.547943 45.649055
v 16.440559 7.322622 43.507320
v -16.763386 9.579251 47.271141
v -16.096067 5.548181 45.649063
v -15.370627 8.500912 47.566162
v -16.763386 9.579251 47.271141
v -16.440470 7.322821 43.507320
v -16.096067 5.548181 45.649063
v 8.986630 17.757586 47.286358
v 9.289696 16.578220 45.886330
v 6.848282 17.419981 43.507275
v 8.986630 17.757586 47.286358
v 6.848282 17.419981 43.507275
v 5.162290 17.057457 45.649059
v -8.986541 -17.529280 47.286358
v -9.289608 -16.349913 45.886330
v -6.848193 -17.191652 43.507282
v -8.986541 -17.529280 47.286358
v -6.848193 -17.191652 43.507282
v -5.162201 -16.829109 45.649059
v 16.763456 -9.350951 47.271141
v 16.096161 -5.319833 45.649063
v 15.370717 -8.272612 47.566162
v 16.763456 -9.350951 47.271141
v 16.440559 -7.094512 43.507320
v 16.096161 -5.319833 45.649063
v 16.289322 16.419342 52.895210
v 15.497005 17.248129 52.895210
v 14.655468 15.765816 52.895210
v 16.749216 16.825907 48.741299
v 15.277717 16.173929 48.741299
v 15.917249 17.698450 48.741291
v -16.289268 -16.190992 52.895206
v -15.496952 -17.019779 52.895206
v -14.655375 -15.537467 52.895206
v -15.917159 -17.470100 48.741291
v -16.749125 -16.597557 48.741291
v -15.277624 -15.945581 48.741291
v 16.289360 -16.191225 52.895210
v 14.655507 -15.537700 52.895210
v 15.497045 -17.020012 52.895210
v 15.917291 -17.470333 48.741299
v 15.277756 -15.945814 48.741299
v 16.749254 -16.597790 48.741299
v 18.126032 18.000252 38.574436
v 16.269478 19.248392 38.515270
v 16.269478 17.346725 38.384708
v 16.891726 19.656507 32.571110
v 18.692041 18.406816 32.623936
v 16.891726 17.754841 32.440544
v -18.125954 18.000484 38.574436
v -16.269409 17.346958 38.384712
v -16.269409 19.248625 38.515274
v -16.891659 19.656740 32.571110
v -16.891659 17.755074 32.440544
v -18.691956 18.407049 32.623936
v -16.289293 16.419575 52.895203
v -14.655429 15.766048 52.895203
v -15.496971 17.248362 52.895203
v -16.749166 16.826138 48.741287
v -15.917198 17.698683 48.741291
v -15.277678 16.174162 48.741287
v -18.125944 -17.771904 38.574436
v -16.269390 -19.020044 38.515274
v -16.269390 -17.118378 38.384712
v -16.891678 -19.428160 32.571110
v -18.691956 -18.178469 32.623936
v -16.891678 -17.526493 32.440544
v 18.126032 -17.772137 38.574436
v 16.269478 -17.118610 38.384708
v 16.269478 -19.020277 38.515270
v 16.891726 -19.428392 32.571110
v 16.891726 -17.526726 32.440544
v 18.692041 -18.178701 32.623936
v -11.754241 -17.202623 37.139519
v -16.269390 -17.118418 38.384712
v -16.269390 -19.020084 38.515274
v -12.228257 -19.416441 32.761368
v -16.269390 -19.020084 38.515274
v -16.891642 -19.428198 32.571114
v 15.497042 17.248129 52.895206
v 15.917249 17.698450 48.741291
v 9.617362 16.948614 52.516628
v 15.497042 17.248129 52.895206
v 9.617362 16.948614 52.516628
v 14.655507 15.765816 52.895210
v 9.617362 16.948614 52.516628
v 15.917249 17.698450 48.741291
v 15.277756 16.173929 48.741299
v 9.617362 16.948614 52.516628
v 15.277756 16.173929 48.741299
v 14.655507 15.765816 52.895210
v -15.496952 -17.019819 52.895206
v -15.917159 -17.470140 48.741291
v -9.617277 -16.720304 52.516628
v -15.496952 -17.019819 52.895206
v -9.617277 -16.720304 52.516628
v -14.655415 -15.537506 52.895206
v -9.617277 -16.720304 52.516628
v -15.917159 -17.470140 48.741291
v -15.277663 -15.945621 48.741291
v -9.617277 -16.720304 52.516628
v -15.277663 -15.945621 48.741291
v -14.655415 -15.537506 52.895206
v 11.754368 -17.202856 37.139519
v 16.269478 -19.020317 38.515270
v 16.269478 -17.118650 38.384708
v 12.228387 -19.416674 32.761368
v 16.891726 -19.428431 32.571110
v 16.269478 -19.020317 38.515270
v 15.497004 -17.020050 52.895206
v 9.617324 -16.720535 52.516632
v 15.917249 -17.470333 48.741291
v 15.497004 -17.020050 52.895206
v 14.655466 -15.537739 52.895206
v 9.617324 -16.720535 52.516632
v 9.617324 -16.720535 52.516632
v 15.277715 -15.945853 48.741291
v 15.917249 -17.470333 48.741291
v 9.617324 -16.720535 52.516632
v 14.655466 -15.537739 52.895206
v 15.277715 -15.945853 48.741291
v -11.754279 17.431164 37.139519
v -16.269430 19.248625 38.515274
v -16.269430 17.346958 38.384712
v -12.228298 19.644981 32.761364
v -16.891642 19.656740 32.571114
v -16.269430 19.248625 38.515274
v 11.754329 17.430893 37.139519
v 16.269440 17.346687 38.384708
v 16.269440 19.248354 38.515270
v 12.228348 19.644711 32.761368
v 16.269440 19.248354 38.515270
v 16.891685 19.656467 32.571110
v -15.496913 17.248400 52.895206
v -9.617233 16.948858 52.516628
v -15.917198 17.698683 48.741291
v -15.496913 17.248400 52.895206
v -14.655375 15.766087 52.895206
v -9.617233 16.948858 52.516628
v -9.617233 16.948858 52.516628
v -15.277624 16.174202 48.741291
v -15.917198 17.698683 48.741291
v -9.617233 16.948858 52.516628
v -14.655375 15.766087 52.895206
v -15.277624 16.174202 48.741291
v -14.655415 -15.537467 52.895206
v -15.017999 -11.065994 52.597980
v -16.289307 -16.190992 52.895206
v -15.277663 -15.945581 48.741291
v -16.749084 -16.597557 48.741291
v -15.924121 -13.231414 48.766422
v 14.655507 15.765816 52.895210
v 15.018069 11.294342 52.597992
v 16.289360 16.419342 52.895210
v 15.277756 16.173929 48.741299
v 16.749178 16.825907 48.741299
v 15.924191 13.459769 48.766422
v 16.201193 13.269168 37.282204
v 16.970737 13.502052 32.955135
v 17.988949 13.514385 37.826992
v 16.970737 13.502052 32.955135
v 16.891685 17.754801 32.440544
v 18.692003 18.406776 32.623936
v 14.655507 -15.537700 52.895210
v 16.289400 -16.191225 52.895210
v 15.018077 -11.066226 52.597992
v 15.277756 -15.945814 48.741299
v 15.924196 -13.231653 48.766418
v 16.749216 -16.597790 48.741299
v 16.201231 -13.041131 37.282204
v 17.988987 -13.286348 37.826992
v 16.970778 -13.274015 32.955135
v 16.970778 -13.274015 32.955135
v 18.692041 -18.178740 32.623936
v 16.891726 -17.526764 32.440544
v -16.201141 13.269441 37.282204
v -17.988899 13.514658 37.826992
v -16.970690 13.502324 32.955135
v -16.970690 13.502324 32.955135
v -18.691956 18.407049 32.623936
v -16.891640 17.755074 32.440544
v -14.655375 15.766087 52.895206
v -16.289307 16.419613 52.895206
v -15.017970 11.294611 52.597992
v -15.277624 16.174202 48.741291
v -15.924126 13.460032 48.766418
v -16.749163 16.826178 48.741291
v -16.201118 -13.040897 37.282204
v -16.970646 -13.273785 32.955135
v -17.988863 -13.286116 37.826992
v -16.970646 -13.273785 32.955135
v -16.891640 -17.526531 32.440544
v -18.691917 -18.178507 32.623936
v 16.282610 2.266364 51.065777
v 14.469208 2.597166 51.426971
v 15.073676 3.012553 55.948330
v 14.469208 -2.237840 51.065788
v 16.282610 -2.568652 51.426991
v 15.678141 -2.984039 55.948330
v -16.282520 -2.038017 51.065777
v -14.469156 -2.368819 51.426971
v -15.073610 -2.784206 55.948330
v -14.469161 2.466187 51.065788
v -16.282520 2.796999 51.426991
v -15.678065 3.212386 55.948330
v -2.024698 17.253662 51.044540
v -2.338691 15.344958 51.393326
v -2.753500 15.981193 55.948330
v 2.214612 15.344958 51.044552
v 2.528614 17.253662 51.393345
v 2.943424 16.617428 55.948330
v 2.024759 -17.025314 51.044529
v 2.338742 -15.116610 51.393307
v 2.753547 -15.752844 55.948330
v -2.214522 -15.116610 51.044552
v -2.528524 -17.025314 51.393345
v -2.943333 -16.389080 55.948330
v -5.430504 -10.328001 92.763176
v -4.825997 -7.770908 90.036133
v -5.430505 -8.923464 89.980545
v -4.221489 -11.352930 92.705635
v -5.430505 -8.923464 89.980545
v -4.825997 -7.770908 90.036133
v 20.353176 20.871590 0.763644
v 19.719727 21.538254 0.763643
v 13.945356 17.316238 52.896412
v 20.353176 18.871284 0.763644
v 15.286267 14.424902 52.896412
v 17.819611 18.871284 0.763644
v 19.719727 21.538254 0.763643
v 17.819611 21.538254 0.763644
v 13.945356 17.316238 52.896412
v -20.353018 -20.643240 0.763647
v -19.719725 -21.309906 0.763647
v -13.945293 -17.087902 52.896412
v -20.353018 -18.643013 0.763647
v -15.286102 -14.196630 52.896412
v -17.819452 -18.643013 0.763647
v -19.719725 -21.309906 0.763647
v -17.819452 -21.309906 0.763647
v -13.945293 -17.087902 52.896412
v 5.429249 -11.858500 93.981140
v 4.826011 -7.770908 90.036133
v 4.221503 -10.328001 92.763176
v 5.430519 -15.804925 92.140083
v 4.221503 -16.090775 91.723892
v 4.826021 -20.947823 32.085545
v -4.222758 -11.858500 93.981140
v -4.825997 -7.770908 90.036133
v -5.430504 -10.328001 92.763176
v -5.430504 -16.090773 91.723892
v -4.221489 -15.804924 92.140083
v -4.826011 -20.947830 32.085545
v -1.216520 16.711164 59.476807
v 3.316299 22.451624 59.476807
v -1.825025 24.159830 59.476807
v 2.506068 17.830462 59.475536
v -1.825030 16.968355 52.365398
v -3.498062 22.451624 52.365398
v 1.643261 24.159830 52.365398
v 3.316299 18.676561 52.365398
v 18.176228 19.317038 54.905148
v -18.074091 18.731316 55.474457
v 17.873718 -18.935944 55.518776
v -18.125570 -18.804092 55.325474
v 18.176228 19.317038 54.905148
v 17.873718 -18.935944 55.518776
v 18.295603 -18.927582 52.893940
v 18.140753 19.251692 52.893940
v 18.176228 19.317038 54.905148
v -18.222750 19.329681 52.893940
v -18.074091 18.731316 55.474457
v 18.140753 19.251692 52.893940
v -18.125570 -18.804092 55.325474
v -18.051840 -19.176096 52.893940
v 17.873718 -18.935944 55.518776
v 18.295603 -18.927582 52.893940
v -18.125570 -18.804092 55.325474
v -18.222750 19.329681 52.893940
v -18.051840 -19.176096 52.893940
v -18.074091 18.731316 55.474457
v -18.051840 -19.176096 52.893940
v -18.222750 19.329681 52.893940
v 18.295603 -18.927582 52.893940
v 18.140753 19.251692 52.893940
v 15.620369 19.155144 32.410992
v 15.620369 16.960859 32.411015
v -0.258120 16.632816 53.214252
v -0.258120 14.438571 53.214222
v 15.620369 19.155144 32.410992
v -0.258120 16.632816 53.214252
v 17.167212 19.155144 33.881855
v 1.288608 16.632856 54.685078
v 17.167212 19.155144 33.881855
v 1.288608 16.632856 54.685078
v 17.167212 16.960897 33.881874
v 1.288685 14.438532 54.685093
v 15.620369 16.960859 32.411015
v 17.167212 16.960897 33.881874
v -0.258120 14.438571 53.214222
v 1.288685 14.438532 54.685093
v -17.166935 19.155142 33.881866
v -17.167011 16.960896 33.881866
v -1.288367 16.632854 54.685093
v -1.288367 14.438571 54.685093
v -17.166935 19.155142 33.881866
v -1.288367 16.632854 54.685093
v 0.258477 16.632854 53.214241
v -15.620051 19.155142 32.411015
v -15.620051 19.155142 32.411015
v 0.258477 16.632854 53.214241
v -15.620129 16.960896 32.411015
v 0.258477 14.438571 53.214241
v -15.620129 16.960896 32.411015
v 0.258477 14.438571 53.214241
v -17.167011 16.960896 33.881866
v -1.288367 14.438571 54.685093
v -15.671598 18.189194 35.730221
v 16.083904 16.503675 35.730221
v 16.083828 18.189194 35.730221
v -15.671598 16.503675 35.730221
v -15.671598 18.189194 35.730221
v 16.083828 18.189194 35.730221
v 16.083828 18.189194 34.066410
v -15.671598 18.189194 34.066399
v -15.671598 18.189194 34.066399
v 16.083828 18.189194 34.066410
v 16.083904 16.503675 34.066410
v -15.671598 16.503675 34.066399
v -15.671598 16.503675 35.730221
v -15.671598 16.503675 34.066399
v 16.083904 16.503675 35.730221
v 16.083904 16.503675 34.066410
v 4.771052 -14.866980 91.277519
v 4.221503 -10.328001 92.763176
v 5.430519 -11.352930 92.705635
v 4.221503 -8.923464 89.980545
v 18.088978 -16.328272 32.410992
v 16.004454 -16.328272 32.411015
v 15.692846 0.385901 53.214252
v 13.608245 0.385940 53.214222
v 18.088978 -16.328272 32.410992
v 15.692846 0.385901 53.214252
v 18.088978 -17.956545 33.881855
v 15.692769 -1.242294 54.685081
v 18.088978 -17.956545 33.881855
v 15.692769 -1.242294 54.685081
v 16.004454 -17.956545 33.881874
v 13.608243 -1.242294 54.685093
v 16.004454 -16.328272 32.411015
v 16.004454 -17.956545 33.881874
v 13.608245 0.385940 53.214222
v 13.608243 -1.242294 54.685093
v -18.088894 16.556620 32.410995
v -16.004292 16.556620 32.411015
v -15.692681 -0.157631 53.214252
v -13.608080 -0.157593 53.214222
v -18.088894 16.556620 32.410995
v -15.692681 -0.157631 53.214252
v -18.088894 18.184893 33.881855
v -15.692759 1.470641 54.685078
v -18.088894 18.184893 33.881855
v -15.692759 1.470641 54.685078
v -16.004292 18.184893 33.881874
v -13.608080 1.470641 54.685093
v -16.004292 16.556620 32.411015
v -16.004292 18.184893 33.881874
v -13.608080 -0.157593 53.214222
v -13.608080 1.470641 54.685093
v -15.620284 -18.926796 32.410995
v -15.620206 -16.732588 32.411015
v 0.258244 -16.404547 53.214252
v 0.258244 -14.210222 53.214222
v -15.620284 -18.926796 32.410995
v 0.258244 -16.404547 53.214252
v -17.167128 -18.926796 33.881855
v -1.288599 -16.404507 54.685078
v -17.167128 -18.926796 33.881855
v -1.288599 -16.404507 54.685078
v -17.167089 -16.732588 33.881874
v -1.288522 -14.210261 54.685093
v -15.620206 -16.732588 32.411015
v -17.167089 -16.732588 33.881874
v 0.258244 -14.210222 53.214222
v -1.288522 -14.210261 54.685093
v 18.088978 18.184658 33.881863
v 16.004375 18.184658 33.881863
v 15.692769 1.470409 54.685093
v 13.608165 1.470409 54.685093
v 18.088978 18.184658 33.881863
v 15.692769 1.470409 54.685093
v 15.692769 -0.157864 53.214241
v 18.088978 16.556387 32.411015
v 18.088978 16.556387 32.411015
v 15.692769 -0.157864 53.214241
v 16.004375 16.556387 32.411015
v 13.608168 -0.157864 53.214241
v 16.004375 16.556387 32.411015
v 13.608168 -0.157864 53.214241
v 16.004375 18.184658 33.881863
v 13.608165 1.470409 54.685093
v -18.088894 -17.956312 33.881866
v -16.004370 -17.956312 33.881866
v -15.692759 -1.242061 54.685093
v -13.608157 -1.242061 54.685093
v -18.088894 -17.956312 33.881866
v -15.692759 -1.242061 54.685093
v -15.692759 0.386211 53.214241
v -18.088894 -16.328039 32.411015
v -18.088894 -16.328039 32.411015
v -15.692759 0.386211 53.214241
v -16.004370 -16.328039 32.411015
v -13.608157 0.386211 53.214241
v -16.004370 -16.328039 32.411015
v -13.608157 0.386211 53.214241
v -16.004370 -17.956312 33.881866
v -13.608157 -1.242061 54.685093
v 17.167019 -18.926796 33.881863
v 17.167019 -16.732550 33.881863
v 1.288530 -16.404507 54.685093
v 1.288530 -14.210222 54.685093
v 17.167019 -18.926796 33.881863
v 1.288530 -16.404507 54.685093
v -0.258314 -16.404507 53.214241
v 15.620137 -18.926796 32.411015
v 15.620137 -18.926796 32.411015
v -0.258314 -16.404507 53.214241
v 15.620137 -16.732550 32.411015
v -0.258314 -14.210222 53.214241
v 15.620137 -16.732550 32.411015
v -0.258314 -14.210222 53.214241
v 17.167019 -16.732550 33.881863
v 1.288530 -14.210222 54.685093
v 17.819611 -21.310217 0.763644
v 14.136166 -17.209005 52.896412
v 17.819611 -18.643209 0.763644
v 15.286163 -14.196805 52.896412
v 14.136166 -17.209005 52.896412
v 20.353098 -20.643398 0.763644
v 15.286163 -14.196805 52.896412
v 20.353022 -18.643209 0.763644
v -17.819452 21.538565 0.763647
v -14.136042 17.437382 52.896412
v -17.819452 18.871557 0.763647
v -15.286102 14.425153 52.896412
v -14.136042 17.437382 52.896412
v -20.353096 20.871744 0.763647
v -15.286102 14.425153 52.896412
v -20.353018 18.871557 0.763647
v -15.370627 -8.272348 47.566196
v -16.440470 -7.094275 43.507320
v -16.096067 -5.319595 45.649055
v -16.763376 -9.350617 47.271187
v -9.289342 16.578251 45.886330
v -5.162012 17.057438 45.649029
v -8.986294 17.757622 47.286377
v -6.847946 17.420000 43.507252
v 9.289432 -16.349901 45.886341
v 5.162125 -16.829092 45.649029
v 8.986371 -17.529276 47.286373
v 6.848037 -17.191652 43.507256
v 15.370717 8.500697 47.566196
v 16.440559 7.322622 43.507320
v 16.096157 5.547943 45.649055
v 16.763443 9.578966 47.271187
v -16.763386 9.579251 47.271141
v -15.370627 8.500912 47.566162
v -16.440470 7.322821 43.507320
v -16.096067 5.548181 45.649063
v 8.986630 17.757586 47.286358
v 5.162290 17.057457 45.649059
v 9.289696 16.578220 45.886330
v 6.848282 17.419981 43.507275
v -8.986541 -17.529280 47.286358
v -5.162201 -16.829109 45.649059
v -9.289608 -16.349913 45.886330
v -6.848193 -17.191652 43.507282
v 16.763456 -9.350951 47.271141
v 15.370717 -8.272612 47.566162
v 16.440559 -7.094512 43.507320
v 16.096161 -5.319833 45.649063
v 16.146540 7.975709 45.150421
v 14.958977 8.144381 45.065929
v 15.750479 15.279566 51.552200
v 14.562935 15.448199 51.467709
v 16.146540 7.975709 45.150421
v 15.750479 15.279566 51.552200
v 15.580315 14.395395 52.437729
v 15.976279 7.091500 46.035950
v 15.580315 14.395395 52.437729
v 14.788794 7.260133 45.951458
v 15.976279 7.091500 46.035950
v 14.392752 14.564067 52.353237
v 14.562935 15.448199 51.467709
v 14.958977 8.144381 45.065929
v 14.392752 14.564067 52.353237
v 14.788794 7.260133 45.951458
v -16.146414 -7.747439 45.150421
v -14.958966 -7.916034 45.065929
v -15.750410 -15.051218 51.552200
v -14.562886 -15.219851 51.467709
v -16.146414 -7.747439 45.150421
v -15.750410 -15.051218 51.552200
v -15.580227 -14.167125 52.437729
v -15.976230 -6.863153 46.035950
v -15.580227 -14.167125 52.437729
v -14.788648 -7.031785 45.951458
v -15.976230 -6.863153 46.035950
v -14.392703 -14.335719 52.353237
v -14.562886 -15.219851 51.467709
v -14.958966 -7.916034 45.065929
v -14.392703 -14.335719 52.353237
v -14.788648 -7.031785 45.951458
v -7.468436 17.110422 45.150421
v -7.628736 15.860459 45.065929
v -14.407082 16.693586 51.552200
v -14.567305 15.443586 51.467709
v -7.468436 17.110422 45.150421
v -14.407082 16.693586 51.552200
v -13.567152 16.514412 52.437729
v -6.628507 16.931324 46.035950
v -13.567152 16.514412 52.437729
v -6.788574 15.681246 45.951458
v -6.628507 16.931324 46.035950
v -13.727375 15.264411 52.353237
v -14.567305 15.443586 51.467709
v -7.628736 15.860459 45.065929
v -13.727375 15.264411 52.353237
v -6.788574 15.681246 45.951458
v 7.468561 -16.882153 45.150421
v 7.628746 -15.632113 45.065929
v 14.407169 -16.465240 51.552200
v 14.567353 -15.215239 51.467709
v 7.468561 -16.882153 45.150421
v 14.407169 -16.465240 51.552200
v 13.567240 -16.286142 52.437729
v 6.628554 -16.702978 46.035950
v 13.567240 -16.286142 52.437729
v 6.788739 -15.452899 45.951458
v 6.628554 -16.702978 46.035950
v 13.727424 -15.036063 52.353237
v 14.567353 -15.215239 51.467709
v 7.628746 -15.632113 45.065929
v 13.727424 -15.036063 52.353237
v 6.788739 -15.452899 45.951458
v 16.003717 -15.051568 51.552212
v 15.212175 -7.916228 45.065941
v 16.399700 -7.747595 45.150471
v 14.816154 -15.220201 51.467682
v 16.003717 -15.051568 51.552212
v 16.399700 -7.747595 45.150471
v 15.833456 -14.167319 52.437737
v 16.229439 -6.863347 46.035984
v 15.833456 -14.167319 52.437737
v 16.229439 -6.863347 46.035984
v 15.041915 -7.031980 45.951454
v 14.645892 -14.335953 52.353210
v 14.816154 -15.220201 51.467682
v 14.645892 -14.335953 52.353210
v 15.212175 -7.916228 45.065941
v 15.041915 -7.031980 45.951454
v -16.003632 15.279915 51.552212
v -15.212090 8.144575 45.065941
v -16.399693 7.975942 45.150471
v -14.816146 15.448548 51.467682
v -16.003632 15.279915 51.552212
v -16.399693 7.975942 45.150471
v -15.833409 14.395628 52.437737
v -16.229427 7.091655 46.035984
v -15.833409 14.395628 52.437737
v -16.229427 7.091655 46.035984
v -15.041863 7.260288 45.951454
v -14.645885 14.564261 52.353210
v -14.816146 15.448548 51.467682
v -14.645885 14.564261 52.353210
v -15.212090 8.144575 45.065941
v -15.041863 7.260288 45.951454
v 14.407537 16.960121 51.552212
v 7.628920 16.126955 45.065941
v 7.468697 17.376995 45.150471
v 14.567682 15.710081 51.467682
v 14.407537 16.960121 51.552212
v 7.468697 17.376995 45.150471
v 13.567472 16.780947 52.437737
v 6.628593 17.197781 46.035988
v 13.567472 16.780947 52.437737
v 6.628593 17.197781 46.035988
v 6.788855 15.947742 45.951458
v 13.727617 15.530868 52.353210
v 14.567682 15.710081 51.467682
v 13.727617 15.530868 52.353210
v 7.628920 16.126955 45.065941
v 6.788855 15.947742 45.951458
v -14.407450 -16.731813 51.552212
v -7.628833 -15.898569 45.065941
v -7.468688 -17.148609 45.150471
v -14.567673 -15.481734 51.467682
v -14.407450 -16.731813 51.552212
v -7.468688 -17.148609 45.150471
v -13.567385 -16.552637 52.437737
v -6.628584 -16.969473 46.035984
v -13.567385 -16.552637 52.437737
v -6.628584 -16.969473 46.035984
v -6.788768 -15.719433 45.951454
v -13.727608 -15.302598 52.353210
v -14.567673 -15.481734 51.467682
v -13.727608 -15.302598 52.353210
v -7.628833 -15.898569 45.065941
v -6.788768 -15.719433 45.951454
v 16.289322 16.419342 52.895210
v 16.749216 16.825907 48.741299
v 15.497005 17.248129 52.895210
v 15.917249 17.698450 48.741291
v -16.289268 -16.190992 52.895206
v -16.749125 -16.597557 48.741291
v -15.496952 -17.019779 52.895206
v -15.917159 -17.470100 48.741291
v 16.289360 -16.191225 52.895210
v 15.497045 -17.020012 52.895210
v 16.749254 -16.597790 48.741299
v 15.917291 -17.470333 48.741299
v 18.126032 18.000252 38.574436
v 18.692041 18.406816 32.623936
v 16.891726 19.656507 32.571110
v 16.269478 19.248392 38.515270
v -18.125954 18.000484 38.574436
v -16.891659 19.656740 32.571110
v -18.691956 18.407049 32.623936
v -16.269409 19.248625 38.515274
v -16.289293 16.419575 52.895203
v -15.496971 17.248362 52.895203
v -16.749166 16.826138 48.741287
v -15.917198 17.698683 48.741291
v -18.125944 -17.771904 38.574436
v -18.691956 -18.178469 32.623936
v -16.891678 -19.428160 32.571110
v -16.269390 -19.020044 38.515274
v 18.126032 -17.772137 38.574436
v 16.891726 -19.428392 32.571110
v 18.692041 -18.178701 32.623936
v 16.269478 -19.020277 38.515270
v -11.754241 -17.202623 37.139519
v -12.228257 -19.416441 32.761368
v -12.615598 -17.531946 32.343010
v -16.269390 -19.020084 38.515274
v -11.754241 -17.202623 37.139519
v -12.615598 -17.531946 32.343010
v -16.891640 -17.526531 32.440544
v -16.269390 -17.118418 38.384712
v -12.228257 -19.416441 32.761368
v -16.891642 -19.428198 32.571114
v -12.615598 -17.531946 32.343010
v -16.891640 -17.526531 32.440544
v 11.754368 -17.202856 37.139519
v 12.615727 -17.532179 32.343010
v 12.228387 -19.416674 32.761368
v 16.269478 -19.020317 38.515270
v 11.754368 -17.202856 37.139519
v 16.891726 -17.526764 32.440544
v 12.615727 -17.532179 32.343010
v 16.269478 -17.118650 38.384708
v 12.228387 -19.416674 32.761368
v 12.615727 -17.532179 32.343010
v 16.891726 -19.428431 32.571110
v 16.891726 -17.526764 32.440544
v -11.754279 17.431164 37.139519
v -12.615640 17.760487 32.343010
v -12.228298 19.644981 32.761364
v -16.269430 19.248625 38.515274
v -11.754279 17.431164 37.139519
v -16.891640 17.755074 32.440544
v -12.615640 17.760487 32.343010
v -16.269430 17.346958 38.384712
v -12.228298 19.644981 32.761364
v -12.615640 17.760487 32.343010
v -16.891642 19.656740 32.571114
v -16.891640 17.755074 32.440544
v 11.754329 17.430893 37.139519
v 12.228348 19.644711 32.761368
v 12.615688 17.760216 32.343010
v 16.269440 19.248354 38.515270
v 11.754329 17.430893 37.139519
v 12.615688 17.760216 32.343010
v 16.891685 17.754801 32.440544
v 16.269440 17.346687 38.384708
v 12.228348 19.644711 32.761368
v 16.891685 19.656467 32.571110
v 12.615688 17.760216 32.343010
v 16.891685 17.754801 32.440544
v -14.655415 -15.537467 52.895206
v -15.277663 -15.945581 48.741291
v -15.017999 -11.065994 52.597980
v -15.924121 -13.231414 48.766422
v -15.924121 -13.231414 48.766422
v -16.749084 -16.597557 48.741291
v -15.017999 -11.065994 52.597980
v -16.289307 -16.190992 52.895206
v 14.655507 15.765816 52.895210
v 15.277756 16.173929 48.741299
v 15.018069 11.294342 52.597992
v 15.924191 13.459769 48.766422
v 15.924191 13.459769 48.766422
v 16.749178 16.825907 48.741299
v 15.018069 11.294342 52.597992
v 16.289360 16.419342 52.895210
v 16.201193 13.269168 37.282204
v 17.988949 13.514385 37.826992
v 16.269440 17.346687 38.384708
v 18.125992 18.000214 38.574436
v 16.201193 13.269168 37.282204
v 16.891685 17.754801 32.440544
v 16.970737 13.502052 32.955135
v 16.269440 17.346687 38.384708
v 16.970737 13.502052 32.955135
v 18.692003 18.406776 32.623936
v 17.988949 13.514385 37.826992
v 18.125992 18.000214 38.574436
v 14.655507 -15.537700 52.895210
v 15.018077 -11.066226 52.597992
v 15.277756 -15.945814 48.741299
v 15.924196 -13.231653 48.766418
v 15.924196 -13.231653 48.766418
v 15.018077 -11.066226 52.597992
v 16.749216 -16.597790 48.741299
v 16.289400 -16.191225 52.895210
v 16.201231 -13.041131 37.282204
v 16.269478 -17.118650 38.384708
v 17.988987 -13.286348 37.826992
v 18.126032 -17.772175 38.574436
v 16.201231 -13.041131 37.282204
v 16.891726 -17.526764 32.440544
v 16.269478 -17.118650 38.384708
v 16.970778 -13.274015 32.955135
v 16.970778 -13.274015 32.955135
v 17.988987 -13.286348 37.826992
v 18.692041 -18.178740 32.623936
v 18.126032 -17.772175 38.574436
v -16.201141 13.269441 37.282204
v -16.269430 17.346958 38.384712
v -17.988899 13.514658 37.826992
v -18.125944 18.000484 38.574436
v -16.201141 13.269441 37.282204
v -16.891640 17.755074 32.440544
v -16.269430 17.346958 38.384712
v -16.970690 13.502324 32.955135
v -16.970690 13.502324 32.955135
v -17.988899 13.514658 37.826992
v -18.691956 18.407049 32.623936
v -18.125944 18.000484 38.574436
v -14.655375 15.766087 52.895206
v -15.017970 11.294611 52.597992
v -15.277624 16.174202 48.741291
v -15.924126 13.460032 48.766418
v -15.924126 13.460032 48.766418
v -15.017970 11.294611 52.597992
v -16.749163 16.826178 48.741291
v -16.289307 16.419613 52.895206
v -16.201118 -13.040897 37.282204
v -17.988863 -13.286116 37.826992
v -16.269390 -17.118418 38.384712
v -18.125904 -17.771942 38.574436
v -16.201118 -13.040897 37.282204
v -16.891640 -17.526531 32.440544
v -16.970646 -13.273785 32.955135
v -16.269390 -17.118418 38.384712
v -16.970646 -13.273785 32.955135
v -18.691917 -18.178507 32.623936
v -17.988863 -13.286116 37.826992
v -18.125904 -17.771942 38.574436
v 16.282610 2.266364 51.065777
v 16.282610 -2.568652 51.426991
v 14.469208 -2.237840 51.065788
v 14.469208 2.597166 51.426971
v 16.282610 2.266364 51.065777
v 15.678141 -2.984039 55.948330
v 16.282610 -2.568652 51.426991
v 15.073676 3.012553 55.948330
v 14.469208 -2.237840 51.065788
v 15.678141 -2.984039 55.948330
v 15.073676 3.012553 55.948330
v 14.469208 2.597166 51.426971
v -16.282520 -2.038017 51.065777
v -16.282520 2.796999 51.426991
v -14.469161 2.466187 51.065788
v -14.469156 -2.368819 51.426971
v -16.282520 -2.038017 51.065777
v -15.678065 3.212386 55.948330
v -16.282520 2.796999 51.426991
v -15.073610 -2.784206 55.948330
v -14.469161 2.466187 51.065788
v -15.678065 3.212386 55.948330
v -15.073610 -2.784206 55.948330
v -14.469156 -2.368819 51.426971
v -2.024698 17.253662 51.044540
v 2.528614 17.253662 51.393345
v 2.214612 15.344958 51.044552
v -2.338691 15.344958 51.393326
v -2.024698 17.253662 51.044540
v 2.943424 16.617428 55.948330
v 2.528614 17.253662 51.393345
v -2.753500 15.981193 55.948330
v 2.214612 15.344958 51.044552
v 2.943424 16.617428 55.948330
v -2.753500 15.981193 55.948330
v -2.338691 15.344958 51.393326
v 2.024759 -17.025314 51.044529
v -2.528524 -17.025314 51.393345
v -2.214522 -15.116610 51.044552
v 2.338742 -15.116610 51.393307
v 2.024759 -17.025314 51.044529
v -2.943333 -16.389080 55.948330
v -2.528524 -17.025314 51.393345
v 2.753547 -15.752844 55.948330
v -2.214522 -15.116610 51.044552
v -2.943333 -16.389080 55.948330
v 2.753547 -15.752844 55.948330
v 2.338742 -15.116610 51.393307
v 17.171282 16.610607 35.730221
v 15.570063 -16.816227 35.730221
v 17.171282 -16.816227 35.730221
v 15.570063 16.610607 35.730221
v 17.171282 16.610607 35.730221
v 17.171282 -16.816227 35.730221
v 17.171282 -16.816227 34.066406
v 17.171282 16.610607 34.066395
v 17.171282 16.610607 34.066395
v 17.171282 -16.816227 34.066406
v 15.570063 -16.816227 34.066406
v 15.570063 16.610607 34.066395
v 15.570063 16.610607 35.730221
v 15.570063 16.610607 34.066395
v 15.570063 -16.816227 35.730221
v 15.570063 -16.816227 34.066406
v -17.171276 -16.382261 35.730221
v -15.569977 17.044575 35.730221
v -17.171276 17.044575 35.730221
v -15.569977 -16.382261 35.730221
v -17.171276 -16.382261 35.730221
v -17.171276 17.044575 35.730221
v -17.171276 17.044575 34.066410
v -17.171276 -16.382261 34.066399
v -17.171276 -16.382261 34.066399
v -17.171276 17.044575 34.066410
v -15.569977 17.044575 34.066410
v -15.569977 -16.382261 34.066399
v -15.569977 -16.382261 35.730221
v -15.569977 -16.382261 34.066399
v -15.569977 17.044575 35.730221
v -15.569977 17.044575 34.066410
v 15.671607 -17.960846 35.730221
v -16.083822 -16.275330 35.730221
v -16.083822 -17.960846 35.730221
v 15.671684 -16.275330 35.730221
v 15.671607 -17.960846 35.730221
v -16.083822 -17.960846 35.730221
v -16.083822 -17.960846 34.066410
v 15.671607 -17.960846 34.066395
v 15.671607 -17.960846 34.066395
v -16.083822 -17.960846 34.066410
v -16.083822 -16.275330 34.066410
v 15.671684 -16.275330 34.066395
v 15.671684 -16.275330 35.730221
v 15.671684 -16.275330 34.066395
v -16.083822 -16.275330 35.730221
v -16.083822 -16.275330 34.066410
v 4.222730 -21.125454 36.163181
v -4.222763 -21.125416 36.163200
v -4.222763 -21.212620 35.128273
v 4.222730 -21.212620 35.128273
v 4.222730 -21.125454 36.163181
v -4.222763 -20.090479 36.076004
v -4.222763 -21.125416 36.163200
v 4.222730 -20.090479 36.076004
v 4.222730 -20.090479 36.076004
v 4.222730 -20.177721 35.041077
v -4.222763 -20.090479 36.076004
v -4.222763 -20.177683 35.041073
v 4.222730 -21.212620 35.128273
v -4.222763 -21.212620 35.128273
v 4.222730 -20.177721 35.041077
v -4.222763 -20.177683 35.041073
v 4.222730 -20.592348 42.490757
v -4.222762 -20.592308 42.490788
v -4.222762 -20.679512 41.455853
v 4.222730 -20.679512 41.455853
v 4.222730 -20.592348 42.490757
v -4.222762 -19.557371 42.403587
v -4.222762 -20.592308 42.490788
v 4.222730 -19.557371 42.403587
v 4.222730 -19.557371 42.403587
v 4.222730 -19.644613 41.368656
v -4.222762 -19.557371 42.403587
v -4.222762 -19.644575 41.368656
v 4.222730 -20.679512 41.455853
v -4.222762 -20.679512 41.455853
v 4.222730 -19.644613 41.368656
v -4.222762 -19.644575 41.368656
v 4.222731 -20.059238 48.818336
v -4.222762 -20.059200 48.818367
v -4.222762 -20.146404 47.783436
v 4.222731 -20.146404 47.783436
v 4.222731 -20.059238 48.818336
v -4.222762 -19.024263 48.731171
v -4.222762 -20.059200 48.818367
v 4.222731 -19.024263 48.731171
v 4.222731 -19.024263 48.731171
v 4.222731 -19.111506 47.696239
v -4.222762 -19.024263 48.731171
v -4.222762 -19.111467 47.696236
v 4.222731 -20.146404 47.783436
v -4.222762 -20.146404 47.783436
v 4.222731 -19.111506 47.696239
v -4.222762 -19.111467 47.696236
v 4.222731 -19.526133 55.145920
v -4.222761 -19.526093 55.145947
v -4.222761 -19.613297 54.111019
v 4.222731 -19.613297 54.111019
v 4.222731 -19.526133 55.145920
v -4.222761 -18.491158 55.058750
v -4.222761 -19.526093 55.145947
v 4.222731 -18.491158 55.058750
v 4.222731 -18.491158 55.058750
v 4.222731 -18.578362 54.023823
v -4.222761 -18.491158 55.058750
v -4.222761 -18.578362 54.023819
v 4.222731 -19.613297 54.111019
v -4.222761 -19.613297 54.111019
v 4.222731 -18.578362 54.023823
v -4.222761 -18.578362 54.023819
v 4.222732 -18.993025 61.473503
v -4.222761 -18.992987 61.473530
v -4.222761 -19.080191 60.438599
v 4.222732 -19.080191 60.438599
v 4.222732 -18.993025 61.473503
v -4.222761 -17.958050 61.386333
v -4.222761 -18.992987 61.473530
v 4.222732 -17.958050 61.386333
v 4.222732 -17.958050 61.386333
v 4.222732 -18.045254 60.351402
v -4.222761 -17.958050 61.386333
v -4.222761 -18.045254 60.351402
v 4.222732 -19.080191 60.438599
v -4.222761 -19.080191 60.438599
v 4.222732 -18.045254 60.351402
v -4.222761 -18.045254 60.351402
v 4.222732 -18.459919 67.801086
v -4.222760 -18.459879 67.801109
v -4.222760 -18.547083 66.766182
v 4.222732 -18.547083 66.766182
v 4.222732 -18.459919 67.801086
v -4.222760 -17.424942 67.713913
v -4.222760 -18.459879 67.801109
v 4.222732 -17.424942 67.713913
v 4.222732 -17.424942 67.713913
v 4.222732 -17.512146 66.678986
v -4.222760 -17.424942 67.713913
v -4.222760 -17.512108 66.678978
v 4.222732 -18.547083 66.766182
v -4.222760 -18.547083 66.766182
v 4.222732 -17.512146 66.678986
v -4.222760 -17.512108 66.678978
v 4.222733 -17.926773 74.128670
v -4.222760 -17.926773 74.128693
v -4.222760 -18.013937 73.093758
v 4.222733 -18.013937 73.093758
v 4.222733 -17.926773 74.128670
v -4.222760 -16.891836 74.041496
v -4.222760 -17.926773 74.128693
v 4.222733 -16.891836 74.041496
v 4.222733 -16.891836 74.041496
v 4.222733 -16.979040 73.006561
v -4.222760 -16.891836 74.041496
v -4.222760 -16.979040 73.006561
v 4.222733 -18.013937 73.093758
v -4.222760 -18.013937 73.093758
v 4.222733 -16.979040 73.006561
v -4.222760 -16.979040 73.006561
v 4.222733 -17.393703 80.456253
v -4.222759 -17.393665 80.456276
v -4.222759 -17.480831 79.421341
v 4.222733 -17.480831 79.421341
v 4.222733 -17.393703 80.456253
v -4.222759 -16.358690 80.369072
v -4.222759 -17.393665 80.456276
v 4.222733 -16.358690 80.369087
v 4.222733 -16.358690 80.369087
v 4.222733 -16.445932 79.334152
v -4.222759 -16.358690 80.369072
v -4.222759 -16.445894 79.334152
v 4.222733 -17.480831 79.421341
v -4.222759 -17.480831 79.421341
v 4.222733 -16.445932 79.334152
v -4.222759 -16.445894 79.334152
v 4.222733 -16.860558 86.783829
v -4.222759 -16.860519 86.783859
v -4.222759 -16.947723 85.748924
v 4.222733 -16.947723 85.748924
v 4.222733 -16.860558 86.783829
v -4.222759 -15.825621 86.696663
v -4.222759 -16.860519 86.783859
v 4.222733 -15.825621 86.696663
v 4.222733 -15.825621 86.696663
v 4.222733 -15.912825 85.661728
v -4.222759 -15.825621 86.696663
v -4.222759 -15.912786 85.661728
v 4.222733 -16.947723 85.748924
v -4.222759 -16.947723 85.748924
v 4.222733 -15.912825 85.661728
v -4.222759 -15.912786 85.661728
v -4.880955 -14.866973 91.277519
v -5.430504 -10.328001 92.763176
v -4.221489 -11.352930 92.705635
v -5.430505 -8.923464 89.980545
v 20.353176 20.871590 0.763644
v 15.286267 14.424902 52.896412
v 20.353176 18.871284 0.763644
v 13.945356 17.316238 52.896412
v 15.286267 14.424902 52.896412
v 13.945356 17.316238 52.896412
v 17.819611 18.871284 0.763644
v 17.819611 21.538254 0.763644
v -20.353018 -20.643240 0.763647
v -15.286102 -14.196630 52.896412
v -20.353018 -18.643013 0.763647
v -13.945293 -17.087902 52.896412
v -15.286102 -14.196630 52.896412
v -13.945293 -17.087902 52.896412
v -17.819452 -18.643013 0.763647
v -17.819452 -21.309906 0.763647
v -21.353617 -17.665228 0.000002
v -16.889477 -22.364281 0.000001
v -16.889477 -17.665228 0.000001
v -21.353617 -22.364281 0.000002
v -21.353617 22.592587 0.000002
v -16.889477 17.893534 0.000001
v -16.889477 22.592587 0.000001
v -21.353617 17.893534 0.000002
v 16.889158 22.592587 -0.000001
v 21.353296 17.893534 -0.000002
v 21.353296 22.592587 -0.000002
v 16.889158 17.893534 -0.000001
v 16.889355 -17.665411 -0.000001
v 21.353493 -22.364466 -0.000002
v 21.353493 -17.665411 -0.000002
v 16.889355 -22.364466 -0.000001
v 1.147996 17.995338 7.110138
v 1.764096 18.611494 -0.000000
v 2.532444 20.564089 -0.000000
v 0.713284 23.316576 7.110139
v 1.764096 22.516682 -0.000000
v -0.090868 23.325508 0.000000
v -1.945833 22.516682 0.000000
v -3.004655 20.187002 7.110138
v -2.714181 20.564089 0.000000
v -1.945833 18.611494 0.000000
v -0.090868 17.802668 0.000000
v 1.147996 17.995338 7.110138
v 1.764096 18.611494 -0.000000
v 4.826021 -20.947823 32.085545
v 4.771052 -14.866980 91.277519
v 5.430519 -15.804925 92.140083
v 5.430519 -11.352930 92.705635
v 5.429249 -11.858500 93.981140
v 4.826011 -7.770908 90.036133
v 3.316299 22.451624 59.476807
v 2.506068 17.830462 59.475536
v 3.316299 18.676561 52.365398
v 1.643261 24.159830 52.365398
v -1.825025 24.159830 59.476807
v -3.498062 22.451624 52.365398
v -1.216520 16.711164 59.476807
v -1.825030 16.968355 52.365398
v 3.316299 18.676561 52.365398
v 2.506068 17.830462 59.475536
v 4.826021 -20.947823 32.085545
v 4.221503 -16.090775 91.723892
v 4.771052 -14.866980 91.277519
v 4.221503 -10.328001 92.763176
v 5.429249 -11.858500 93.981140
v -5.430504 -16.090773 91.723892
v -4.222758 -11.858500 93.981140
v -5.430504 -10.328001 92.763176
v -4.880955 -14.866973 91.277519
v -4.826011 -20.947830 32.085545
v -4.880955 -14.866973 91.277519
v -4.221489 -15.804924 92.140083
v -4.826011 -20.947830 32.085545
v -4.221489 -11.352930 92.705635
v -4.222758 -11.858500 93.981140
v -4.825997 -7.770908 90.036133
v -0.554694 19.032677 74.461166
v 0.973808 15.133046 74.922012
v -0.008831 15.133046 74.532928
v 1.381031 15.133046 75.861176
v 0.008837 19.130674 -0.000015
v 0.991622 19.559214 -0.000015
v 1.381540 19.868874 76.301826
v 0.973953 15.133046 76.800346
v 1.398845 20.594034 -0.000015
v -0.008831 15.133046 77.189354
v 1.013849 21.067772 75.708954
v 0.991769 21.628428 -0.000015
v 0.008689 22.057083 -0.000015
v -1.355808 20.938145 75.197639
v -0.991765 15.133046 76.800346
v -0.974096 21.628195 -0.000014
v -1.398838 15.133046 75.861176
v -1.381171 20.594034 -0.000014
v -0.554694 19.032677 74.461166
v -0.991911 15.133046 74.922012
v -0.008831 15.133046 74.532928
v -0.974096 19.559135 -0.000014
v 0.008837 19.130674 -0.000015
v 18.310879 19.417568 54.262501
v -18.222750 19.329681 52.893940
v -18.074091 18.731316 55.474457
v -18.310787 -19.189188 54.262505
v -18.074091 18.731316 55.474457
v -18.222750 19.329681 52.893940
v 4.826021 -20.947823 32.085545
v 5.210687 -14.184540 93.919556
v 4.221503 -16.090775 91.723892
v 19.719727 -21.310217 0.763643
v 20.353098 -20.643398 0.763644
v 15.390813 -16.058674 52.896412
v 19.719727 -21.310217 0.763643
v 15.390813 -16.058674 52.896412
v 17.819611 -21.310217 0.763644
v 17.819611 -21.310217 0.763644
v 15.390813 -16.058674 52.896412
v 17.819611 -18.643209 0.763644
v 15.390813 -16.058674 52.896412
v 20.353098 -20.643398 0.763644
v 20.353022 -18.643209 0.763644
v 15.390813 -16.058674 52.896412
v 20.353022 -18.643209 0.763644
v 17.819611 -18.643209 0.763644
v -19.719725 21.538565 0.763647
v -20.353096 20.871744 0.763647
v -15.390752 16.287033 52.896412
v -19.719725 21.538565 0.763647
v -15.390752 16.287033 52.896412
v -17.819452 21.538565 0.763647
v -17.819452 21.538565 0.763647
v -15.390752 16.287033 52.896412
v -17.819452 18.871557 0.763647
v -15.390752 16.287033 52.896412
v -20.353096 20.871744 0.763647
v -20.353018 18.871557 0.763647
v -15.390752 16.287033 52.896412
v -20.353018 18.871557 0.763647
v -17.819452 18.871557 0.763647
v -15.370627 -8.272348 47.566196
v -16.096067 -5.319595 45.649055
v -16.763376 -9.350617 47.271187
v -16.763376 -9.350617 47.271187
v -16.096067 -5.319595 45.649055
v -16.440470 -7.094275 43.507320
v -9.289342 16.578251 45.886330
v -8.986294 17.757622 47.286377
v -6.847946 17.420000 43.507252
v -8.986294 17.757622 47.286377
v -5.162012 17.057438 45.649029
v -6.847946 17.420000 43.507252
v 9.289432 -16.349901 45.886341
v 8.986371 -17.529276 47.286373
v 6.848037 -17.191652 43.507256
v 8.986371 -17.529276 47.286373
v 5.162125 -16.829092 45.649029
v 6.848037 -17.191652 43.507256
v 15.370717 8.500697 47.566196
v 16.096157 5.547943 45.649055
v 16.763443 9.578966 47.271187
v 16.763443 9.578966 47.271187
v 16.096157 5.547943 45.649055
v 16.440559 7.322622 43.507320
v -16.763386 9.579251 47.271141
v -16.096067 5.548181 45.649063
v -15.370627 8.500912 47.566162
v -16.763386 9.579251 47.271141
v -16.440470 7.322821 43.507320
v -16.096067 5.548181 45.649063
v 8.986630 17.757586 47.286358
v 9.289696 16.578220 45.886330
v 6.848282 17.419981 43.507275
v 8.986630 17.757586 47.286358
v 6.848282 17.419981 43.507275
v 5.162290 17.057457 45.649059
v -8.986541 -17.529280 47.286358
v -9.289608 -16.349913 45.886330
v -6.848193 -17.191652 43.507282
v -8.986541 -17.529280 47.286358
v -6.848193 -17.191652 43.507282
v -5.162201 -16.829109 45.649059
v 16.763456 -9.350951 47.271141
v 16.096161 -5.319833 45.649063
v 15.370717 -8.272612 47.566162
v 16.763456 -9.350951 47.271141
v 16.440559 -7.094512 43.507320
v 16.096161 -5.319833 45.649063
v 16.289322 16.419342 52.895210
v 15.497005 17.248129 52.895210
v 14.655468 15.765816 52.895210
v 16.749216 16.825907 48.741299
v 15.277717 16.173929 48.741299
v 15.917249 17.698450 48.741291
v -16.289268 -16.190992 52.895206
v -15.496952 -17.019779 52.895206
v -14.655375 -15.537467 52.895206
v -15.917159 -17.470100 48.741291
v -16.749125 -16.597557 48.741291
v -15.277624 -15.945581 48.741291
v 16.289360 -16.191225 52.895210
v 14.655507 -15.537700 52.895210
v 15.497045 -17.020012 52.895210
v 15.917291 -17.470333 48.741299
v 15.277756 -15.945814 48.741299
v 16.749254 -16.597790 48.741299
v 18.126032 18.000252 38.574436
v 16.269478 19.248392 38.515270
v 16.269478 17.346725 38.384708
v 16.891726 19.656507 32.571110
v 18.692041 18.406816 32.623936
v 16.891726 17.754841 32.440544
v -18.125954 18.000484 38.574436
v -16.269409 17.346958 38.384712
v -16.269409 19.248625 38.515274
v -16.891659 19.656740 32.571110
v -16.891659 17.755074 32.440544
v -18.691956 18.407049 32.623936
v -16.289293 16.419575 52.895203
v -14.655429 15.766048 52.895203
v -15.496971 17.248362 52.895203
v -16.749166 16.826138 48.741287
v -15.917198 17.698683 48.741291
v -15.277678 16.174162 48.741287
v -18.125944 -17.771904 38.574436
v -16.269390 -19.020044 38.515274
v -16.269390 -17.118378 38.384712
v -16.891678 -19.428160 32.571110
v -18.691956 -18.178469 32.623936
v -16.891678 -17.526493 32.440544
v 18.126032 -17.772137 38.574436
v 16.269478 -17.118610 38.384708
v 16.269478 -19.020277 38.515270
v 16.891726 -19.428392 32.571110
v 16.891726 -17.526726 32.440544
v 18.692041 -18.178701 32.623936
v -10.959839 -18.212559 34.814743
v -16.891642 -19.428198 32.571114
v -16.891640 -17.526531 32.440544
v -10.959839 -18.212559 34.814743
v -16.269390 -17.118418 38.384712
v -16.269390 -19.020084 38.515274
v -10.959839 -18.212559 34.814743
v -16.269390 -19.020084 38.515274
v -16.891642 -19.428198 32.571114
v -10.959839 -18.212559 34.814743
v -16.891640 -17.526531 32.440544
v -16.269390 -17.118418 38.384712
v 15.497042 17.248129 52.895206
v 15.917249 17.698450 48.741291
v 9.617362 16.948614 52.516628
v 15.497042 17.248129 52.895206
v 9.617362 16.948614 52.516628
v 14.655507 15.765816 52.895210
v 9.617362 16.948614 52.516628
v 15.917249 17.698450 48.741291
v 15.277756 16.173929 48.741299
v 9.617362 16.948614 52.516628
v 15.277756 16.173929 48.741299
v 14.655507 15.765816 52.895210
v -15.917159 -17.470140 48.741291
v -14.655415 -15.537506 52.895206
v -15.496952 -17.019819 52.895206
v -15.917159 -17.470140 48.741291
v -15.277663 -15.945621 48.741291
v -14.655415 -15.537506 52.895206
v 10.959966 -18.212791 34.814743
v 16.891726 -17.526764 32.440544
v 16.891726 -19.428431 32.571110
v 10.959966 -18.212791 34.814743
v 16.269478 -19.020317 38.515270
v 16.269478 -17.118650 38.384708
v 10.959966 -18.212791 34.814743
v 16.891726 -19.428431 32.571110
v 16.269478 -19.020317 38.515270
v 10.959966 -18.212791 34.814743
v 16.269478 -17.118650 38.384708
v 16.891726 -17.526764 32.440544
v 15.917249 -17.470333 48.741291
v 15.497004 -17.020050 52.895206
v 14.655466 -15.537739 52.895206
v 15.917249 -17.470333 48.741291
v 14.655466 -15.537739 52.895206
v 15.277715 -15.945853 48.741291
v -10.959878 18.441099 34.814743
v -16.891640 17.755074 32.440544
v -16.891642 19.656740 32.571114
v -10.959878 18.441099 34.814743
v -16.269430 19.248625 38.515274
v -16.269430 17.346958 38.384712
v -10.959878 18.441099 34.814743
v -16.891642 19.656740 32.571114
v -16.269430 19.248625 38.515274
v -10.959878 18.441099 34.814743
v -16.269430 17.346958 38.384712
v -16.891640 17.755074 32.440544
v 10.959928 18.440828 34.814743
v 16.891685 19.656467 32.571110
v 16.891685 17.754801 32.440544
v 10.959928 18.440828 34.814743
v 16.269440 17.346687 38.384708
v 16.269440 19.248354 38.515270
v 10.959928 18.440828 34.814743
v 16.269440 19.248354 38.515270
v 16.891685 19.656467 32.571110
v 10.959928 18.440828 34.814743
v 16.891685 17.754801 32.440544
v 16.269440 17.346687 38.384708
v -15.496913 17.248400 52.895206
v -9.617233 16.948858 52.516628
v -15.917198 17.698683 48.741291
v -15.496913 17.248400 52.895206
v -14.655375 15.766087 52.895206
v -9.617233 16.948858 52.516628
v -9.617233 16.948858 52.516628
v -15.277624 16.174202 48.741291
v -15.917198 17.698683 48.741291
v -9.617233 16.948858 52.516628
v -14.655375 15.766087 52.895206
v -15.277624 16.174202 48.741291
v -14.655415 -15.537467 52.895206
v -15.277663 -15.945581 48.741291
v -15.017999 -11.065994 52.597980
v -14.655415 -15.537467 52.895206
v -15.017999 -11.065994 52.597980
v -16.289307 -16.190992 52.895206
v 14.655507 15.765816 52.895210
v 15.277756 16.173929 48.741299
v 15.018069 11.294342 52.597992
v 14.655507 15.765816 52.895210
v 15.018069 11.294342 52.597992
v 16.289360 16.419342 52.895210
v 16.970737 13.502052 32.955135
v 16.891685 17.754801 32.440544
v 18.692003 18.406776 32.623936
v 16.970737 13.502052 32.955135
v 18.692003 18.406776 32.623936
v 18.125992 18.000214 38.574436
v 14.655507 -15.537700 52.895210
v 15.018077 -11.066226 52.597992
v 15.277756 -15.945814 48.741299
v 14.655507 -15.537700 52.895210
v 16.289400 -16.191225 52.895210
v 15.018077 -11.066226 52.597992
v 16.970778 -13.274015 32.955135
v 18.692041 -18.178740 32.623936
v 16.891726 -17.526764 32.440544
v 16.970778 -13.274015 32.955135
v 18.126032 -17.772175 38.574436
v 18.692041 -18.178740 32.623936
v -16.970690 13.502324 32.955135
v -18.691956 18.407049 32.623936
v -16.891640 17.755074 32.440544
v -16.970690 13.502324 32.955135
v -18.125944 18.000484 38.574436
v -18.691956 18.407049 32.623936
v -14.655375 15.766087 52.895206
v -15.017970 11.294611 52.597992
v -15.277624 16.174202 48.741291
v -14.655375 15.766087 52.895206
v -16.289307 16.419613 52.895206
v -15.017970 11.294611 52.597992
v -16.970646 -13.273785 32.955135
v -16.891640 -17.526531 32.440544
v -18.691917 -18.178507 32.623936
v -16.970646 -13.273785 32.955135
v -18.691917 -18.178507 32.623936
v -18.125904 -17.771942 38.574436
v -5.430504 -16.090773 91.723892
v -4.826011 -20.947830 32.085545
v -4.441320 -14.184539 93.919556
v 20.353176 20.871590 0.763644
v 19.719727 21.538254 0.763643
v 15.390811 16.286808 52.896412
v 20.353176 20.871590 0.763644
v 15.390811 16.286808 52.896412
v 20.353176 18.871284 0.763644
v 20.353176 18.871284 0.763644
v 15.390811 16.286808 52.896412
v 17.819611 18.871284 0.763644
v 19.719727 21.538254 0.763643
v 17.819611 21.538254 0.763644
v 15.390811 16.286808 52.896412
v 15.390811 16.286808 52.896412
v 17.819611 21.538254 0.763644
v 17.819611 18.871284 0.763644
v -20.353018 -20.643240 0.763647
v -19.719725 -21.309906 0.763647
v -15.390684 -16.058464 52.896412
v -20.353018 -20.643240 0.763647
v -15.390684 -16.058464 52.896412
v -20.353018 -18.643013 0.763647
v -20.353018 -18.643013 0.763647
v -15.390684 -16.058464 52.896412
v -17.819452 -18.643013 0.763647
v -19.719725 -21.309906 0.763647
v -17.819452 -21.309906 0.763647
v -15.390684 -16.058464 52.896412
v -15.390684 -16.058464 52.896412
v -17.819452 -21.309906 0.763647
v -17.819452 -18.643013 0.763647
v 18.310879 19.417568 54.262501
v -18.074091 18.731316 55.474457
v 18.457613 -19.138544 53.483051
v -18.310787 -19.189188 54.262505
v 18.310879 19.417568 54.262501
v 18.457613 -19.138544 53.483051
v -18.222750 19.329681 52.893940
v -18.310787 -19.189188 54.262505
v 15.620369 19.155144 32.410992
v 15.620369 16.960859 32.411015
v -0.258120 16.632816 53.214252
v -0.258120 14.438571 53.214222
v 15.620369 19.155144 32.410992
v -0.258120 16.632816 53.214252
v 17.167212 19.155144 33.881855
v 1.288608 16.632856 54.685078
v 17.167212 19.155144 33.881855
v 1.288608 16.632856 54.685078
v 17.167212 16.960897 33.881874
v 1.288685 14.438532 54.685093
v 15.620369 16.960859 32.411015
v 17.167212 16.960897 33.881874
v -0.258120 14.438571 53.214222
v 1.288685 14.438532 54.685093
v -17.166935 19.155142 33.881866
v -17.167011 16.960896 33.881866
v -1.288367 16.632854 54.685093
v -1.288367 14.438571 54.685093
v -17.166935 19.155142 33.881866
v -1.288367 16.632854 54.685093
v 0.258477 16.632854 53.214241
v -15.620051 19.155142 32.411015
v -15.620051 19.155142 32.411015
v 0.258477 16.632854 53.214241
v -15.620129 16.960896 32.411015
v 0.258477 14.438571 53.214241
v -15.620129 16.960896 32.411015
v 0.258477 14.438571 53.214241
v -17.167011 16.960896 33.881866
v -1.288367 14.438571 54.685093
v -15.671598 18.189194 35.730221
v 16.083904 16.503675 35.730221
v 16.083828 18.189194 35.730221
v -15.671598 16.503675 35.730221
v -15.671598 18.189194 35.730221
v 16.083828 18.189194 35.730221
v 16.083828 18.189194 34.066410
v -15.671598 18.189194 34.066399
v -15.671598 18.189194 34.066399
v 16.083828 18.189194 34.066410
v 16.083904 16.503675 34.066410
v -15.671598 16.503675 34.066399
v -15.671598 16.503675 35.730221
v -15.671598 16.503675 34.066399
v 16.083904 16.503675 35.730221
v 16.083904 16.503675 34.066410
v 4.826021 -20.947823 32.085545
v 5.027510 -13.695779 92.894638
v 5.210687 -14.184540 93.919556
v 4.603292 -8.463675 90.678833
v 18.088978 -16.328272 32.410992
v 16.004454 -16.328272 32.411015
v 15.692846 0.385901 53.214252
v 13.608245 0.385940 53.214222
v 18.088978 -16.328272 32.410992
v 15.692846 0.385901 53.214252
v 18.088978 -17.956545 33.881855
v 15.692769 -1.242294 54.685081
v 18.088978 -17.956545 33.881855
v 15.692769 -1.242294 54.685081
v 16.004454 -17.956545 33.881874
v 13.608243 -1.242294 54.685093
v 16.004454 -16.328272 32.411015
v 16.004454 -17.956545 33.881874
v 13.608245 0.385940 53.214222
v 13.608243 -1.242294 54.685093
v -18.088894 16.556620 32.410995
v -16.004292 16.556620 32.411015
v -15.692681 -0.157631 53.214252
v -13.608080 -0.157593 53.214222
v -18.088894 16.556620 32.410995
v -15.692681 -0.157631 53.214252
v -18.088894 18.184893 33.881855
v -15.692759 1.470641 54.685078
v -18.088894 18.184893 33.881855
v -15.692759 1.470641 54.685078
v -16.004292 18.184893 33.881874
v -13.608080 1.470641 54.685093
v -16.004292 16.556620 32.411015
v -16.004292 18.184893 33.881874
v -13.608080 -0.157593 53.214222
v -13.608080 1.470641 54.685093
v -15.620284 -18.926796 32.410995
v -15.620206 -16.732588 32.411015
v 0.258244 -16.404547 53.214252
v 0.258244 -14.210222 53.214222
v -15.620284 -18.926796 32.410995
v 0.258244 -16.404547 53.214252
v -17.167128 -18.926796 33.881855
v -1.288599 -16.404507 54.685078
v -17.167128 -18.926796 33.881855
v -1.288599 -16.404507 54.685078
v -17.167089 -16.732588 33.881874
v -1.288522 -14.210261 54.685093
v -15.620206 -16.732588 32.411015
v -17.167089 -16.732588 33.881874
v 0.258244 -14.210222 53.214222
v -1.288522 -14.210261 54.685093
v 18.088978 18.184658 33.881863
v 16.004375 18.184658 33.881863
v 15.692769 1.470409 54.685093
v 13.608165 1.470409 54.685093
v 18.088978 18.184658 33.881863
v 15.692769 1.470409 54.685093
v 15.692769 -0.157864 53.214241
v 18.088978 16.556387 32.411015
v 18.088978 16.556387 32.411015
v 15.692769 -0.157864 53.214241
v 16.004375 16.556387 32.411015
v 13.608168 -0.157864 53.214241
v 16.004375 16.556387 32.411015
v 13.608168 -0.157864 53.214241
v 16.004375 18.184658 33.881863
v 13.608165 1.470409 54.685093
v -18.088894 -17.956312 33.881866
v -16.004370 -17.956312 33.881866
v -15.692759 -1.242061 54.685093
v -13.608157 -1.242061 54.685093
v -18.088894 -17.956312 33.881866
v -15.692759 -1.242061 54.685093
v -15.692759 0.386211 53.214241
v -18.088894 -16.328039 32.411015
v -18.088894 -16.328039 32.411015
v -15.692759 0.386211 53.214241
v -16.004370 -16.328039 32.411015
v -13.608157 0.386211 53.214241
v -16.004370 -16.328039 32.411015
v -13.608157 0.386211 53.214241
v -16.004370 -17.956312 33.881866
v -13.608157 -1.242061 54.685093
v 17.167019 -18.926796 33.881863
v 17.167019 -16.732550 33.881863
v 1.288530 -16.404507 54.685093
v 1.288530 -14.210222 54.685093
v 17.167019 -18.926796 33.881863
v 1.288530 -16.404507 54.685093
v -0.258314 -16.404507 53.214241
v 15.620137 -18.926796 32.411015
v 15.620137 -18.926796 32.411015
v -0.258314 -16.404507 53.214241
v 15.620137 -16.732550 32.411015
v -0.258314 -14.210222 53.214241
v 15.620137 -16.732550 32.411015
v -0.258314 -14.210222 53.214241
v 17.167019 -16.732550 33.881863
v 1.288530 -14.210222 54.685093
v -15.370627 -8.272348 47.566196
v -16.440470 -7.094275 43.507320
v -16.096067 -5.319595 45.649055
v -16.763376 -9.350617 47.271187
v -9.289342 16.578251 45.886330
v -5.162012 17.057438 45.649029
v -8.986294 17.757622 47.286377
v -6.847946 17.420000 43.507252
v 9.289432 -16.349901 45.886341
v 5.162125 -16.829092 45.649029
v 8.986371 -17.529276 47.286373
v 6.848037 -17.191652 43.507256
v 15.370717 8.500697 47.566196
v 16.440559 7.322622 43.507320
v 16.096157 5.547943 45.649055
v 16.763443 9.578966 47.271187
v -16.763386 9.579251 47.271141
v -15.370627 8.500912 47.566162
v -16.440470 7.322821 43.507320
v -16.096067 5.548181 45.649063
v 8.986630 17.757586 47.286358
v 5.162290 17.057457 45.649059
v 9.289696 16.578220 45.886330
v 6.848282 17.419981 43.507275
v -8.986541 -17.529280 47.286358
v -5.162201 -16.829109 45.649059
v -9.289608 -16.349913 45.886330
v -6.848193 -17.191652 43.507282
v 16.763456 -9.350951 47.271141
v 15.370717 -8.272612 47.566162
v 16.440559 -7.094512 43.507320
v 16.096161 -5.319833 45.649063
v 16.146540 7.975709 45.150421
v 14.958977 8.144381 45.065929
v 15.750479 15.279566 51.552200
v 14.562935 15.448199 51.467709
v 16.146540 7.975709 45.150421
v 15.750479 15.279566 51.552200
v 15.580315 14.395395 52.437729
v 15.976279 7.091500 46.035950
v 15.580315 14.395395 52.437729
v 14.788794 7.260133 45.951458
v 15.976279 7.091500 46.035950
v 14.392752 14.564067 52.353237
v 14.562935 15.448199 51.467709
v 14.958977 8.144381 45.065929
v 14.392752 14.564067 52.353237
v 14.788794 7.260133 45.951458
v -16.146414 -7.747439 45.150421
v -14.958966 -7.916034 45.065929
v -15.750410 -15.051218 51.552200
v -14.562886 -15.219851 51.467709
v -16.146414 -7.747439 45.150421
v -15.750410 -15.051218 51.552200
v -15.580227 -14.167125 52.437729
v -15.976230 -6.863153 46.035950
v -15.580227 -14.167125 52.437729
v -14.788648 -7.031785 45.951458
v -15.976230 -6.863153 46.035950
v -14.392703 -14.335719 52.353237
v -14.562886 -15.219851 51.467709
v -14.958966 -7.916034 45.065929
v -14.392703 -14.335719 52.353237
v -14.788648 -7.031785 45.951458
v -7.468436 17.110422 45.150421
v -7.628736 15.860459 45.065929
v -14.407082 16.693586 51.552200
v -14.567305 15.443586 51.467709
v -7.468436 17.110422 45.150421
v -14.407082 16.693586 51.552200
v -13.567152 16.514412 52.437729
v -6.628507 16.931324 46.035950
v -13.567152 16.514412 52.437729
v -6.788574 15.681246 45.951458
v -6.628507 16.931324 46.035950
v -13.727375 15.264411 52.353237
v -14.567305 15.443586 51.467709
v -7.628736 15.860459 45.065929
v -13.727375 15.264411 52.353237
v -6.788574 15.681246 45.951458
v 7.468561 -16.882153 45.150421
v 7.628746 -15.632113 45.065929
v 14.407169 -16.465240 51.552200
v 14.567353 -15.215239 51.467709
v 7.468561 -16.882153 45.150421
v 14.407169 -16.465240 51.552200
v 13.567240 -16.286142 52.437729
v 6.628554 -16.702978 46.035950
v 13.567240 -16.286142 52.437729
v 6.788739 -15.452899 45.951458
v 6.628554 -16.702978 46.035950
v 13.727424 -15.036063 52.353237
v 14.567353 -15.215239 51.467709
v 7.628746 -15.632113 45.065929
v 13.727424 -15.036063 52.353237
v 6.788739 -15.452899 45.951458
v 16.003717 -15.051568 51.552212
v 15.212175 -7.916228 45.065941
v 16.399700 -7.747595 45.150471
v 14.816154 -15.220201 51.467682
v 16.003717 -15.051568 51.552212
v 16.399700 -7.747595 45.150471
v 15.833456 -14.167319 52.437737
v 16.229439 -6.863347 46.035984
v 15.833456 -14.167319 52.437737
v 16.229439 -6.863347 46.035984
v 15.041915 -7.031980 45.951454
v 14.645892 -14.335953 52.353210
v 14.816154 -15.220201 51.467682
v 14.645892 -14.335953 52.353210
v 15.212175 -7.916228 45.065941
v 15.041915 -7.031980 45.951454
v -16.003632 15.279915 51.552212
v -15.212090 8.144575 45.065941
v -16.399693 7.975942 45.150471
v -14.816146 15.448548 51.467682
v -16.003632 15.279915 51.552212
v -16.399693 7.975942 45.150471
v -15.833409 14.395628 52.437737
v -16.229427 7.091655 46.035984
v -15.833409 14.395628 52.437737
v -16.229427 7.091655 46.035984
v -15.041863 7.260288 45.951454
v -14.645885 14.564261 52.353210
v -14.816146 15.448548 51.467682
v -14.645885 14.564261 52.353210
v -15.212090 8.144575 45.065941
v -15.041863 7.260288 45.951454
v 14.407537 16.960121 51.552212
v 7.628920 16.126955 45.065941
v 7.468697 17.376995 45.150471
v 14.567682 15.710081 51.467682
v 14.407537 16.960121 51.552212
v 7.468697 17.376995 45.150471
v 13.567472 16.780947 52.437737
v 6.628593 17.197781 46.035988
v 13.567472 16.780947 52.437737
v 6.628593 17.197781 46.035988
v 6.788855 15.947742 45.951458
v 13.727617 15.530868 52.353210
v 14.567682 15.710081 51.467682
v 13.727617 15.530868 52.353210
v 7.628920 16.126955 45.065941
v 6.788855 15.947742 45.951458
v -14.407450 -16.731813 51.552212
v -7.628833 -15.898569 45.065941
v -7.468688 -17.148609 45.150471
v -14.567673 -15.481734 51.467682
v -14.407450 -16.731813 51.552212
v -7.468688 -17.148609 45.150471
v -13.567385 -16.552637 52.437737
v -6.628584 -16.969473 46.035984
v -13.567385 -16.552637 52.437737
v -6.628584 -16.969473 46.035984
v -6.788768 -15.719433 45.951454
v -13.727608 -15.302598 52.353210
v -14.567673 -15.481734 51.467682
v -13.727608 -15.302598 52.353210
v -7.628833 -15.898569 45.065941
v -6.788768 -15.719433 45.951454
v 16.289322 16.419342 52.895210
v 16.749216 16.825907 48.741299
v 15.497005 17.248129 52.895210
v 15.917249 17.698450 48.741291
v -16.289268 -16.190992 52.895206
v -16.749125 -16.597557 48.741291
v -15.496952 -17.019779 52.895206
v -15.917159 -17.470100 48.741291
v 16.289360 -16.191225 52.895210
v 15.497045 -17.020012 52.895210
v 16.749254 -16.597790 48.741299
v 15.917291 -17.470333 48.741299
v 18.126032 18.000252 38.574436
v 18.692041 18.406816 32.623936
v 16.891726 19.656507 32.571110
v 16.269478 19.248392 38.515270
v -18.125954 18.000484 38.574436
v -16.891659 19.656740 32.571110
v -18.691956 18.407049 32.623936
v -16.269409 19.248625 38.515274
v -16.289293 16.419575 52.895203
v -15.496971 17.248362 52.895203
v -16.749166 16.826138 48.741287
v -15.917198 17.698683 48.741291
v -18.125944 -17.771904 38.574436
v -18.691956 -18.178469 32.623936
v -16.891678 -19.428160 32.571110
v -16.269390 -19.020044 38.515274
v 18.126032 -17.772137 38.574436
v 16.891726 -19.428392 32.571110
v 18.692041 -18.178701 32.623936
v 16.269478 -19.020277 38.515270
v -15.277663 -15.945581 48.741291
v -16.749084 -16.597557 48.741291
v -15.017999 -11.065994 52.597980
v -16.289307 -16.190992 52.895206
v 15.277756 16.173929 48.741299
v 16.749178 16.825907 48.741299
v 15.018069 11.294342 52.597992
v 16.289360 16.419342 52.895210
v 16.970737 13.502052 32.955135
v 18.125992 18.000214 38.574436
v 16.891685 17.754801 32.440544
v 16.269440 17.346687 38.384708
v 15.277756 -15.945814 48.741299
v 15.018077 -11.066226 52.597992
v 16.749216 -16.597790 48.741299
v 16.289400 -16.191225 52.895210
v 16.970778 -13.274015 32.955135
v 16.891726 -17.526764 32.440544
v 18.126032 -17.772175 38.574436
v 16.269478 -17.118650 38.384708
v -16.970690 13.502324 32.955135
v -16.891640 17.755074 32.440544
v -18.125944 18.000484 38.574436
v -16.269430 17.346958 38.384712
v -15.277624 16.174202 48.741291
v -15.017970 11.294611 52.597992
v -16.749163 16.826178 48.741291
v -16.289307 16.419613 52.895206
v -16.970646 -13.273785 32.955135
v -18.125904 -17.771942 38.574436
v -16.891640 -17.526531 32.440544
v -16.269390 -17.118418 38.384712
v 15.476653 2.444732 51.219452
v 15.275164 -2.416214 51.219471
v 15.073676 3.012553 55.948330
v 15.678141 -2.984039 55.948330
v 15.476653 2.444732 51.219452
v 15.678141 -2.984039 55.948330
v 15.275164 -2.416214 51.219471
v 15.073676 3.012553 55.948330
v -15.476581 -2.216385 51.219452
v -15.275096 2.644562 51.219471
v -15.073610 -2.784206 55.948330
v -15.678065 3.212386 55.948330
v -15.476581 -2.216385 51.219452
v -15.678065 3.212386 55.948330
v -15.275096 2.644562 51.219471
v -15.073610 -2.784206 55.948330
v -2.193094 16.405350 51.191490
v 2.383012 16.193272 51.191505
v -2.753500 15.981193 55.948330
v 2.943424 16.617428 55.948330
v -2.193094 16.405350 51.191490
v 2.943424 16.617428 55.948330
v 2.383012 16.193272 51.191505
v -2.753500 15.981193 55.948330
v 2.193145 -16.177000 51.191479
v -2.382922 -15.964923 51.191505
v 2.753547 -15.752844 55.948330
v -2.943333 -16.389080 55.948330
v 2.193145 -16.177000 51.191479
v -2.943333 -16.389080 55.948330
v -2.382922 -15.964923 51.191505
v 2.753547 -15.752844 55.948330
v 17.171282 16.610607 35.730221
v 15.570063 -16.816227 35.730221
v 17.171282 -16.816227 35.730221
v 15.570063 16.610607 35.730221
v 17.171282 16.610607 35.730221
v 17.171282 -16.816227 35.730221
v 17.171282 -16.816227 34.066406
v 17.171282 16.610607 34.066395
v 17.171282 16.610607 34.066395
v 17.171282 -16.816227 34.066406
v 15.570063 -16.816227 34.066406
v 15.570063 16.610607 34.066395
v 15.570063 16.610607 35.730221
v 15.570063 16.610607 34.066395
v 15.570063 -16.816227 35.730221
v 15.570063 -16.816227 34.066406
v -17.171276 -16.382261 35.730221
v -15.569977 17.044575 35.730221
v -17.171276 17.044575 35.730221
v -15.569977 -16.382261 35.730221
v -17.171276 -16.382261 35.730221
v -17.171276 17.044575 35.730221
v -17.171276 17.044575 34.066410
v -17.171276 -16.382261 34.066399
v -17.171276 -16.382261 34.066399
v -17.171276 17.044575 34.066410
v -15.569977 17.044575 34.066410
v -15.569977 -16.382261 34.066399
v -15.569977 -16.382261 35.730221
v -15.569977 -16.382261 34.066399
v -15.569977 17.044575 35.730221
v -15.569977 17.044575 34.066410
v 15.671607 -17.960846 35.730221
v -16.083822 -16.275330 35.730221
v -16.083822 -17.960846 35.730221
v 15.671684 -16.275330 35.730221
v 15.671607 -17.960846 35.730221
v -16.083822 -17.960846 35.730221
v -16.083822 -17.960846 34.066410
v 15.671607 -17.960846 34.066395
v 15.671607 -17.960846 34.066395
v -16.083822 -17.960846 34.066410
v -16.083822 -16.275330 34.066410
v 15.671684 -16.275330 34.066395
v 15.671684 -16.275330 35.730221
v 15.671684 -16.275330 34.066395
v -16.083822 -16.275330 35.730221
v -16.083822 -16.275330 34.066410
v 4.222730 -21.125454 36.163181
v -4.222763 -21.125416 36.163200
v -4.222763 -21.212620 35.128273
v 4.222730 -21.212620 35.128273
v 4.222730 -21.125454 36.163181
v -4.222763 -20.090479 36.076004
v -4.222763 -21.125416 36.163200
v 4.222730 -20.090479 36.076004
v 4.222730 -20.090479 36.076004
v 4.222730 -20.177721 35.041077
v -4.222763 -20.090479 36.076004
v -4.222763 -20.177683 35.041073
v 4.222730 -21.212620 35.128273
v -4.222763 -21.212620 35.128273
v 4.222730 -20.177721 35.041077
v -4.222763 -20.177683 35.041073
v 4.222730 -20.592348 42.490757
v -4.222762 -20.592308 42.490788
v -4.222762 -20.679512 41.455853
v 4.222730 -20.679512 41.455853
v 4.222730 -20.592348 42.490757
v -4.222762 -19.557371 42.403587
v -4.222762 -20.592308 42.490788
v 4.222730 -19.557371 42.403587
v 4.222730 -19.557371 42.403587
v 4.222730 -19.644613 41.368656
v -4.222762 -19.557371 42.403587
v -4.222762 -19.644575 41.368656
v 4.222730 -20.679512 41.455853
v -4.222762 -20.679512 41.455853
v 4.222730 -19.644613 41.368656
v -4.222762 -19.644575 41.368656
v 4.222731 -20.059238 48.818336
v -4.222762 -20.059200 48.818367
v -4.222762 -20.146404 47.783436
v 4.222731 -20.146404 47.783436
v 4.222731 -20.059238 48.818336
v -4.222762 -19.024263 48.731171
v -4.222762 -20.059200 48.818367
v 4.222731 -19.024263 48.731171
v 4.222731 -19.024263 48.731171
v 4.222731 -19.111506 47.696239
v -4.222762 -19.024263 48.731171
v -4.222762 -19.111467 47.696236
v 4.222731 -20.146404 47.783436
v -4.222762 -20.146404 47.783436
v 4.222731 -19.111506 47.696239
v -4.222762 -19.111467 47.696236
v 4.222731 -19.526133 55.145920
v -4.222761 -19.526093 55.145947
v -4.222761 -19.613297 54.111019
v 4.222731 -19.613297 54.111019
v 4.222731 -19.526133 55.145920
v -4.222761 -18.491158 55.058750
v -4.222761 -19.526093 55.145947
v 4.222731 -18.491158 55.058750
v 4.222731 -18.491158 55.058750
v 4.222731 -18.578362 54.023823
v -4.222761 -18.491158 55.058750
v -4.222761 -18.578362 54.023819
v 4.222731 -19.613297 54.111019
v -4.222761 -19.613297 54.111019
v 4.222731 -18.578362 54.023823
v -4.222761 -18.578362 54.023819
v 4.222732 -18.993025 61.473503
v -4.222761 -18.992987 61.473530
v -4.222761 -19.080191 60.438599
v 4.222732 -19.080191 60.438599
v 4.222732 -18.993025 61.473503
v -4.222761 -17.958050 61.386333
v -4.222761 -18.992987 61.473530
v 4.222732 -17.958050 61.386333
v 4.222732 -17.958050 61.386333
v 4.222732 -18.045254 60.351402
v -4.222761 -17.958050 61.386333
v -4.222761 -18.045254 60.351402
v 4.222732 -19.080191 60.438599
v -4.222761 -19.080191 60.438599
v 4.222732 -18.045254 60.351402
v -4.222761 -18.045254 60.351402
v 4.222732 -18.459919 67.801086
v -4.222760 -18.459879 67.801109
v -4.222760 -18.547083 66.766182
v 4.222732 -18.547083 66.766182
v 4.222732 -18.459919 67.801086
v -4.222760 -17.424942 67.713913
v -4.222760 -18.459879 67.801109
v 4.222732 -17.424942 67.713913
v 4.222732 -17.424942 67.713913
v 4.222732 -17.512146 66.678986
v -4.222760 -17.424942 67.713913
v -4.222760 -17.512108 66.678978
v 4.222732 -18.547083 66.766182
v -4.222760 -18.547083 66.766182
v 4.222732 -17.512146 66.678986
v -4.222760 -17.512108 66.678978
v 4.222733 -17.926773 74.128670
v -4.222760 -17.926773 74.128693
v -4.222760 -18.013937 73.093758
v 4.222733 -18.013937 73.093758
v 4.222733 -17.926773 74.128670
v -4.222760 -16.891836 74.041496
v -4.222760 -17.926773 74.128693
v 4.222733 -16.891836 74.041496
v 4.222733 -16.891836 74.041496
v 4.222733 -16.979040 73.006561
v -4.222760 -16.891836 74.041496
v -4.222760 -16.979040 73.006561
v 4.222733 -18.013937 73.093758
v -4.222760 -18.013937 73.093758
v 4.222733 -16.979040 73.006561
v -4.222760 -16.979040 73.006561
v 4.222733 -17.393703 80.456253
v -4.222759 -17.393665 80.456276
v -4.222759 -17.480831 79.421341
v 4.222733 -17.480831 79.421341
v 4.222733 -17.393703 80.456253
v -4.222759 -16.358690 80.369072
v -4.222759 -17.393665 80.456276
v 4.222733 -16.358690 80.369087
v 4.222733 -16.358690 80.369087
v 4.222733 -16.445932 79.334152
v -4.222759 -16.358690 80.369072
v -4.222759 -16.445894 79.334152
v 4.222733 -17.480831 79.421341
v -4.222759 -17.480831 79.421341
v 4.222733 -16.445932 79.334152
v -4.222759 -16.445894 79.334152
v 4.222733 -16.860558 86.783829
v -4.222759 -16.860519 86.783859
v -4.222759 -16.947723 85.748924
v 4.222733 -16.947723 85.748924
v 4.222733 -16.860558 86.783829
v -4.222759 -15.825621 86.696663
v -4.222759 -16.860519 86.783859
v 4.222733 -15.825621 86.696663
v 4.222733 -15.825621 86.696663
v 4.222733 -15.912825 85.661728
v -4.222759 -15.825621 86.696663
v -4.222759 -15.912786 85.661728
v 4.222733 -16.947723 85.748924
v -4.222759 -16.947723 85.748924
v 4.222733 -15.912825 85.661728
v -4.222759 -15.912786 85.661728
v -4.624487 -13.695773 92.894638
v -5.048716 -8.463675 90.678833
v -4.441320 -14.184539 93.919556
v -4.826011 -20.947830 32.085545
v -21.353617 -17.665228 0.000002
v -16.889477 -22.364281 0.000001
v -16.889477 -17.665228 0.000001
v -21.353617 -22.364281 0.000002
v -21.353617 22.592587 0.000002
v -16.889477 17.893534 0.000001
v -16.889477 22.592587 0.000001
v -21.353617 17.893534 0.000002
v 16.889158 22.592587 -0.000001
v 21.353296 17.893534 -0.000002
v 21.353296 22.592587 -0.000002
v 16.889158 17.893534 -0.000001
v 16.889355 -17.665411 -0.000001
v 21.353493 -22.364466 -0.000002
v 21.353493 -17.665411 -0.000002
v 16.889355 -22.364466 -0.000001
v 0.943037 16.372349 52.365398
v -1.825025 24.159830 59.476807
v -1.216520 16.711164 59.476807
v 1.643261 24.159830 52.365398
v -1.825025 24.159830 59.476807
v 0.943037 16.372349 52.365398
v 4.826021 -20.947823 32.085545
v 4.221503 -16.090775 91.723892
v 5.027510 -13.695779 92.894638
v 4.603292 -8.463675 90.678833
v 5.210687 -14.184540 93.919556
v -5.430504 -16.090773 91.723892
v -4.441320 -14.184539 93.919556
v -5.048716 -8.463675 90.678833
v -4.624487 -13.695773 92.894638
v -4.826011 -20.947830 32.085545
v -0.554694 19.032677 74.461166
v 0.973808 15.133046 74.922012
v -0.008831 15.133046 74.532928
v 1.381031 15.133046 75.861176
v 0.008837 19.130674 -0.000015
v 0.991622 19.559214 -0.000015
v 1.132277 21.088737 76.248459
v 0.973953 15.133046 76.800346
v 1.398845 20.594034 -0.000015
v 0.991769 21.628428 -0.000015
v -0.008831 15.133046 77.189354
v 0.008689 22.057083 -0.000015
v -1.355808 20.938145 75.197639
v -0.991765 15.133046 76.800346
v -0.974096 21.628195 -0.000014
v -1.398838 15.133046 75.861176
v -1.381171 20.594034 -0.000014
v -0.554694 19.032677 74.461166
v -0.991911 15.133046 74.922012
v -0.008831 15.133046 74.532928
v -0.974096 19.559135 -0.000014
v 0.008837 19.130674 -0.000015
v 1.764096 18.611494 -0.000000
v 2.444159 20.952559 7.110138
v -0.090868 17.802668 0.000000
v -1.945833 18.611494 0.000000
v -2.714181 20.564089 0.000000
v -1.945833 22.516682 0.000000
v -0.090868 23.325508 0.000000
v 1.764096 22.516682 -0.000000
v 2.532444 20.564089 -0.000000
v 1.764096 18.611494 -0.000000
vn 0.5680 -0.5406 0.6206
vn 0.5680 -0.5403 0.6209
vn 0.5680 0.5405 0.6207
vn 0.5681 0.5402 0.6209
vn -0.5680 -0.5405 0.6207
vn -0.5679 0.5406 0.6206
vn -0.0000 -0.0000 1.0000
vn -0.0000 -0.0000 -1.0000
vn -0.0003 -0.0000 1.0000
vn -0.0003 -0.0000 -1.0000
vn -0.0781 -0.0684 0.9946
vn 0.0764 0.0686 -0.9947
vn 0.0782 -0.0686 0.9946
vn -0.0766 0.0683 -0.9947
vn 0.0003 -0.0000 1.0000
vn 0.0003 -0.0000 -1.0000
vn 0.0779 0.0684 0.9946
vn -0.0766 -0.0683 -0.9947
vn -0.0783 0.0685 0.9946
vn 0.0764 -0.0686 -0.9947
vn -0.0076 -0.9986 -0.0531
vn -0.0078 -0.9985 -0.0534
vn -0.0000 0.9864 0.1643
vn -0.0000 0.9865 0.1640
vn 0.0076 0.9986 -0.0530
vn -0.0004 -0.9864 0.1644
vn -0.0078 0.9985 -0.0533
vn -0.0076 0.9986 -0.0530
vn -0.0000 -0.9864 0.1641
vn -0.0000 -0.9864 0.1644
vn 0.0076 -0.9986 -0.0530
vn -0.0004 0.9864 0.1644
vn 0.7247 -0.6891 -0.0000
vn 0.7245 -0.6893 -0.0000
vn 0.7245 -0.6892 -0.0000
vn 0.6752 -0.0000 0.7377
vn 0.7246 0.6892 -0.0000
vn 0.7245 0.6893 -0.0000
vn 0.7247 0.6891 -0.0000
vn 0.7244 0.6894 -0.0000
vn -0.0000 -0.6555 0.7552
vn -0.6752 -0.0000 0.7377
vn -0.0000 0.6555 0.7552
vn -0.7245 -0.6893 -0.0000
vn -0.7246 -0.6892 -0.0000
vn -0.7245 0.6892 -0.0000
vn -0.7245 0.6893 -0.0000
vn 1.0000 -0.0000 -0.0000
vn -0.0000 -1.0000 -0.0000
vn -0.0000 1.0000 -0.0000
vn -1.0000 -0.0000 -0.0000
vn -0.4967 -0.4732 0.7276
vn -0.4967 0.4732 0.7276
vn -0.7246 0.6892 -0.0000
vn 0.4967 0.4733 0.7275
vn -0.4966 0.4733 0.7276
vn -0.4966 -0.4732 0.7276
vn 0.4968 -0.4732 0.7275
vn -0.7245 -0.6892 -0.0000
vn 0.7245 0.6892 -0.0000
vn 0.4968 0.4732 0.7275
vn -0.4966 0.4732 0.7276
vn 0.7246 -0.6892 -0.0000
vn -0.4966 -0.4733 0.7276
vn 0.4967 -0.4733 0.7275
vn -0.4967 -0.4733 0.7275
vn -0.4967 0.4733 0.7275
vn 0.4966 0.4732 0.7276
vn -0.4967 -0.4734 0.7275
vn 0.4966 -0.4733 0.7276
vn 0.4967 0.4732 0.7276
vn 0.4967 -0.4732 0.7276
vn 0.4966 0.4733 0.7276
vn -0.4967 0.4734 0.7275
vn 0.4966 -0.4732 0.7276
vn -0.5265 -0.6968 -0.4871
vn -0.6143 0.6887 -0.3853
vn -0.6143 0.6887 -0.3852
vn -0.6144 0.6886 -0.3852
vn -0.6142 0.6886 -0.3854
vn 0.5264 0.6966 0.4875
vn 0.5268 0.6966 0.4870
vn 0.5264 0.6967 0.4874
vn 0.5267 0.6967 0.4870
vn 0.6142 -0.6886 0.3854
vn 0.6145 -0.6885 0.3852
vn -0.5265 -0.6967 -0.4873
vn 0.6143 -0.6885 0.3855
vn -0.5265 -0.6967 -0.4872
vn 0.6145 -0.6885 0.3853
vn -0.6142 -0.6887 0.3853
vn -0.5265 0.6968 0.4871
vn -0.6141 -0.6887 0.3855
vn -0.5263 0.6968 0.4874
vn 0.6144 0.6885 -0.3855
vn -0.5264 0.6967 0.4874
vn 0.6145 0.6884 -0.3853
vn -0.5265 0.6968 0.4872
vn 0.6143 0.6885 -0.3855
vn 0.6144 0.6885 -0.3852
vn 0.5266 -0.6966 -0.4873
vn 0.5267 -0.6967 -0.4870
vn 0.5268 -0.6966 -0.4871
vn -0.6141 -0.6886 0.3856
vn -0.6143 -0.6886 0.3853
vn 0.0002 -0.7072 0.7070
vn 0.0001 -0.7071 0.7071
vn 0.0002 0.7072 0.7070
vn -0.0000 0.7071 0.7071
vn -0.0000 0.7071 -0.7071
vn 0.0002 0.7071 0.7071
vn -0.0000 0.7072 -0.7070
vn -0.0000 0.7070 0.7072
vn 0.0002 -0.7072 -0.7070
vn 0.0002 0.7072 -0.7070
vn -0.0000 -0.7073 -0.7069
vn -0.0000 0.7073 -0.7069
vn -0.0000 -0.7071 0.7071
vn 0.0002 -0.7071 -0.7071
vn -0.0000 -0.7070 0.7072
vn -0.0000 -0.7072 -0.7070
vn -0.0000 -0.1134 -0.9936
vn -0.6982 -0.3990 -0.5944
vn 0.6982 -0.3990 -0.5945
vn -0.8104 -0.5267 -0.2564
vn 0.8104 -0.5267 -0.2564
vn -0.6982 -0.3990 -0.5945
vn -0.6331 0.7739 0.0176
vn -0.5928 0.7117 0.3769
vn 0.6332 0.7738 0.0175
vn -0.6332 0.7738 0.0175
vn 0.5925 0.7113 0.3782
vn -0.5929 0.7116 0.3769
vn 0.6331 0.7739 0.0175
vn 0.8104 -0.5268 -0.2564
vn 0.5925 0.7113 0.3783
vn 0.6982 -0.3990 -0.5944
vn -0.6331 0.7739 0.0175
vn -0.7236 0.4947 -0.4813
vn 0.7204 0.5793 -0.3814
vn -0.7237 0.4949 -0.4810
vn 0.7203 0.5793 -0.3815
vn 0.7202 0.5794 -0.3815
vn 0.7203 0.5793 -0.3814
vn 0.7235 -0.4948 0.4814
vn 0.7238 -0.4950 0.4807
vn 0.7236 -0.4947 0.4813
vn 0.7238 -0.4949 0.4807
vn -0.7202 -0.5793 0.3818
vn -0.7203 -0.5794 0.3815
vn -0.7236 0.4949 -0.4811
vn -0.7201 -0.5793 0.3818
vn -0.7235 0.4948 -0.4813
vn -0.7202 -0.5794 0.3815
vn 0.7237 -0.4949 -0.4810
vn -0.7203 -0.5794 -0.3814
vn 0.7237 -0.4947 -0.4811
vn -0.7201 -0.5794 -0.3817
vn -0.7201 -0.5794 -0.3818
vn -0.7202 -0.5794 -0.3815
vn -0.7235 0.4949 0.4813
vn -0.7236 0.4949 0.4810
vn -0.7236 0.4949 0.4812
vn -0.7237 0.4948 0.4810
vn 0.7203 0.5792 0.3816
vn 0.7203 0.5794 0.3815
vn 0.7237 -0.4948 -0.4811
vn 0.7203 0.5793 0.3816
vn 0.7202 0.5794 0.3815
vn 0.5267 0.6967 -0.4870
vn 0.6145 -0.6885 -0.3852
vn 0.5265 0.6967 -0.4873
vn 0.6143 -0.6885 -0.3854
vn 0.6144 -0.6885 -0.3854
vn 0.6145 -0.6885 -0.3853
vn -0.5264 -0.6967 0.4874
vn -0.5265 -0.6967 0.4872
vn -0.5263 -0.6968 0.4874
vn -0.5264 -0.6968 0.4872
vn -0.6141 0.6887 0.3855
vn -0.6142 0.6887 0.3853
vn 0.5266 0.6966 -0.4873
vn -0.6141 0.6886 0.3856
vn 0.5268 0.6966 -0.4870
vn -0.6142 0.6886 0.3854
vn -0.7203 0.5794 0.3815
vn 0.7238 0.4949 0.4808
vn -0.7202 0.5793 0.3818
vn 0.7236 0.4948 0.4813
vn 0.7202 -0.5794 -0.3815
vn 0.7235 0.4948 0.4813
vn 0.7203 -0.5794 -0.3814
vn 0.7238 0.4950 0.4808
vn 0.7203 -0.5794 -0.3815
vn 0.7204 -0.5793 -0.3814
vn -0.7237 -0.4948 -0.4811
vn -0.7236 -0.4947 -0.4813
vn -0.7236 -0.4949 -0.4811
vn -0.7235 -0.4948 -0.4814
vn -0.7201 0.5793 0.3818
vn -0.7202 0.5794 0.3815
vn 0.7205 -0.5792 0.3814
vn -0.7237 -0.4948 0.4811
vn 0.7203 -0.5792 0.3816
vn -0.7235 -0.4949 0.4813
vn -0.7201 0.5794 -0.3818
vn -0.7202 0.5794 -0.3815
vn -0.7237 -0.4949 0.4811
vn -0.7201 0.5794 -0.3817
vn -0.7203 0.5793 -0.3815
vn 0.7237 0.4947 -0.4811
vn 0.7237 0.4948 -0.4810
vn 0.7237 0.4947 -0.4812
vn 0.7237 0.4949 -0.4810
vn 0.7203 -0.5793 0.3817
vn 0.7204 -0.5792 0.3814
vn 0.6144 0.6885 0.3853
vn 0.5267 -0.6967 0.4870
vn 0.6142 0.6886 0.3854
vn 0.5263 -0.6966 0.4875
vn -0.6144 -0.6886 -0.3852
vn 0.5264 -0.6966 0.4875
vn -0.6143 -0.6886 -0.3854
vn 0.5268 -0.6966 0.4871
vn -0.6143 -0.6887 -0.3851
vn -0.6142 -0.6887 -0.3853
vn -0.5264 0.6968 -0.4872
vn -0.5265 0.6968 -0.4871
vn -0.5265 0.6967 -0.4872
vn 0.6143 0.6885 0.3855
vn 0.6145 0.6884 0.3853
vn 0.9672 -0.2290 0.1094
vn 0.2525 -0.9607 0.1156
vn 0.9730 -0.2310 -0.0000
vn 0.3996 -0.9167 0.0002
vn -0.7244 0.6872 0.0549
vn -0.8126 -0.5797 0.0606
vn -0.8139 -0.5810 -0.0000
vn 0.9673 -0.2290 0.1095
vn 0.9730 -0.2309 -0.0000
vn 0.6187 0.7831 0.0625
vn 0.6201 0.7845 -0.0000
vn 0.6188 0.7831 0.0626
vn -0.9672 0.2291 0.1095
vn -0.2521 0.9608 0.1156
vn -0.9730 0.2310 -0.0000
vn -0.3996 0.9167 -0.0000
vn 0.7246 -0.6870 0.0549
vn 0.8127 0.5795 0.0607
vn 0.8139 0.5810 -0.0000
vn 0.8127 0.5795 0.0606
vn -0.9730 0.2309 -0.0000
vn -0.6185 -0.7833 0.0626
vn -0.6201 -0.7845 -0.0000
vn -0.1033 -0.9170 -0.3853
vn -0.1034 -0.9170 -0.3853
vn 0.0395 -0.7727 0.6336
vn 0.0393 -0.7726 0.6336
vn 0.0389 -0.7725 0.6338
vn 0.1350 0.6321 0.7630
vn 0.1352 0.6321 0.7630
vn 0.1351 0.6321 0.7630
vn -0.1351 -0.6321 -0.7630
vn -0.1350 -0.6321 -0.7630
vn 0.1392 0.2054 0.9687
vn 0.1391 0.2054 0.9687
vn 0.1390 0.2054 0.9687
vn 0.1393 0.2054 0.9687
vn -0.0389 0.7725 -0.6338
vn -0.0389 0.7727 -0.6336
vn -0.9242 0.0941 -0.3702
vn -0.9242 0.0940 -0.3701
vn -0.9242 0.0941 -0.3701
vn -0.7883 -0.0351 0.6143
vn -0.7883 -0.0352 0.6143
vn 0.6519 -0.1272 0.7476
vn 0.6519 -0.1270 0.7476
vn -0.6517 0.1271 -0.7477
vn -0.6516 0.1272 -0.7478
vn -0.6516 0.1273 -0.7478
vn 0.2154 -0.1312 0.9677
vn 0.2156 -0.1312 0.9676
vn 0.2155 -0.1312 0.9676
vn 0.7884 0.0354 -0.6142
vn 0.7884 0.0352 -0.6141
vn 0.7885 0.0351 -0.6141
vn 0.9242 -0.0941 -0.3700
vn 0.9243 -0.0940 -0.3700
vn 0.7884 0.0350 0.6141
vn 0.7884 0.0352 0.6142
vn -0.6518 0.1271 0.7477
vn -0.6517 0.1273 0.7477
vn -0.6517 0.1272 0.7477
vn 0.6519 -0.1270 -0.7476
vn 0.6517 -0.1272 -0.7477
vn 0.6518 -0.1271 -0.7477
vn -0.2153 0.1312 0.9677
vn -0.2154 0.1312 0.9677
vn -0.7883 -0.0353 -0.6142
vn -0.7884 -0.0352 -0.6142
vn -0.7883 -0.0352 -0.6142
vn 0.1035 0.9170 -0.3853
vn 0.1036 0.9170 -0.3853
vn 0.1034 0.9170 -0.3853
vn -0.0392 0.7727 0.6336
vn -0.0391 0.7726 0.6336
vn -0.0389 0.7725 0.6338
vn -0.1352 -0.6321 0.7630
vn -0.1350 -0.6321 0.7630
vn -0.1351 -0.6321 0.7630
vn 0.1351 0.6321 -0.7630
vn 0.1352 0.6321 -0.7630
vn -0.1390 -0.2054 0.9688
vn -0.1388 -0.2055 0.9688
vn 0.0389 -0.7725 -0.6338
vn -0.1033 0.9170 -0.3854
vn -0.1034 0.9170 -0.3853
vn 0.0393 0.7726 0.6336
vn 0.1352 -0.6321 0.7630
vn 0.1351 -0.6321 0.7630
vn -0.1351 0.6321 -0.7630
vn -0.1352 0.6321 -0.7630
vn 0.1392 -0.2054 0.9687
vn 0.1391 -0.2054 0.9687
vn -0.0388 -0.7725 -0.6338
vn -0.0390 -0.7728 -0.6335
vn 0.9243 0.0940 -0.3700
vn 0.9242 0.0941 -0.3701
vn 0.9242 0.0941 -0.3702
vn 0.7884 -0.0352 0.6142
vn 0.7884 -0.0351 0.6142
vn -0.6517 -0.1273 0.7477
vn -0.6517 -0.1272 0.7477
vn -0.6518 -0.1271 0.7477
vn 0.6518 0.1271 -0.7477
vn 0.6517 0.1273 -0.7477
vn 0.6517 0.1272 -0.7477
vn -0.2157 -0.1313 0.9676
vn -0.2155 -0.1312 0.9677
vn -0.2156 -0.1312 0.9676
vn -0.7883 0.0353 -0.6143
vn -0.7883 0.0352 -0.6142
vn -0.7884 0.0352 -0.6142
vn -0.9242 -0.0940 -0.3701
vn -0.9242 -0.0941 -0.3702
vn -0.7883 0.0351 0.6143
vn -0.7883 0.0353 0.6143
vn 0.6519 0.1272 0.7476
vn 0.6519 0.1270 0.7476
vn -0.6517 -0.1271 -0.7477
vn -0.6516 -0.1273 -0.7478
vn 0.2156 0.1312 0.9676
vn 0.2155 0.1312 0.9677
vn 0.7884 -0.0353 -0.6142
vn 0.7884 -0.0352 -0.6141
vn 0.1035 -0.9170 -0.3853
vn 0.1036 -0.9170 -0.3853
vn -0.0388 -0.7725 0.6338
vn -0.0392 -0.7727 0.6336
vn -0.1351 0.6321 0.7630
vn -0.1352 0.6321 0.7630
vn 0.1351 -0.6321 -0.7630
vn -0.1390 0.2054 0.9688
vn -0.1388 0.2055 0.9688
vn -0.1389 0.2054 0.9688
vn 0.0391 0.7726 -0.6337
vn 0.0388 0.7725 -0.6338
vn -0.6189 0.5385 -0.5717
vn 0.8143 0.4248 -0.3956
vn -0.6189 0.5385 -0.5718
vn 0.6189 -0.5386 0.5718
vn 0.8142 0.4249 -0.3956
vn 0.6189 -0.5385 0.5718
vn 0.8142 0.4248 -0.3956
vn -0.8143 -0.4247 0.3956
vn -0.6189 0.5386 -0.5718
vn -0.8143 -0.4248 0.3957
vn -0.8143 -0.4248 0.3956
vn 0.6191 -0.5385 -0.5717
vn -0.8142 -0.4248 -0.3956
vn 0.6191 -0.5384 -0.5717
vn -0.8142 -0.4249 -0.3956
vn -0.6188 0.5386 0.5719
vn -0.8142 -0.4249 -0.3957
vn 0.8144 0.4247 0.3955
vn -0.6188 0.5386 0.5718
vn 0.6190 -0.5385 -0.5718
vn 0.6190 -0.5385 -0.5717
vn 0.8143 0.4247 0.3956
vn -0.5693 -0.5891 -0.5735
vn -0.4577 0.7924 -0.4032
vn -0.5695 -0.5890 -0.5734
vn 0.5696 0.5889 0.5734
vn -0.4578 0.7923 -0.4033
vn 0.4580 -0.7922 0.4032
vn 0.4580 -0.7923 0.4032
vn 0.5695 0.5890 0.5733
vn 0.5695 0.5890 0.5734
vn -0.5696 -0.5890 -0.5733
vn 0.4581 -0.7922 0.4032
vn 0.5694 0.5891 -0.5734
vn 0.4579 -0.7923 -0.4031
vn 0.5693 0.5891 -0.5734
vn 0.4578 -0.7925 -0.4029
vn -0.5696 -0.5891 0.5732
vn 0.4578 -0.7925 -0.4030
vn -0.5694 -0.5890 0.5735
vn 0.4580 -0.7923 -0.4033
vn -0.4579 0.7923 0.4032
vn -0.5694 -0.5891 0.5734
vn -0.5696 -0.5892 0.5731
vn 0.5694 0.5890 -0.5735
vn -0.4579 0.7923 0.4033
vn -0.6188 -0.5386 -0.5719
vn -0.6188 -0.5386 -0.5718
vn 0.8144 -0.4247 -0.3955
vn 0.8143 -0.4247 -0.3956
vn 0.8143 -0.4248 -0.3955
vn 0.6187 0.5384 0.5721
vn 0.6189 0.5386 0.5718
vn -0.8144 0.4248 0.3952
vn 0.6188 0.5383 0.5721
vn -0.8143 0.4248 0.3956
vn 0.6189 0.5385 0.5718
vn -0.8144 0.4248 0.3953
vn -0.6187 -0.5386 -0.5719
vn -0.8142 0.4248 0.3956
vn 0.6191 0.5384 -0.5717
vn 0.6190 0.5385 -0.5717
vn -0.8142 0.4248 -0.3957
vn -0.8142 0.4249 -0.3957
vn -0.6188 -0.5386 0.5719
vn -0.6190 -0.5385 0.5717
vn 0.8144 -0.4247 0.3955
vn 0.8142 -0.4248 0.3957
vn 0.8143 -0.4247 0.3956
vn 0.6190 0.5385 -0.5718
vn 0.8142 -0.4249 0.3957
vn 0.5694 -0.5891 -0.5734
vn 0.4579 0.7923 -0.4032
vn 0.4578 0.7924 -0.4032
vn 0.4580 0.7923 -0.4032
vn 0.4578 0.7923 -0.4033
vn -0.5694 0.5890 0.5735
vn -0.5696 0.5891 0.5732
vn -0.4579 -0.7923 0.4032
vn -0.5693 0.5891 0.5734
vn -0.4578 -0.7925 0.4029
vn -0.5696 0.5891 0.5731
vn 0.5694 -0.5890 -0.5734
vn 0.5694 -0.5890 -0.5735
vn -0.4579 -0.7924 0.4030
vn -0.5692 0.5891 -0.5735
vn -0.5695 0.5890 -0.5733
vn -0.4578 -0.7924 -0.4032
vn -0.4578 -0.7923 -0.4033
vn 0.5696 -0.5889 0.5734
vn 0.5696 -0.5890 0.5733
vn 0.4581 0.7923 0.4031
vn 0.5695 -0.5890 0.5733
vn 0.4577 0.7924 0.4032
vn -0.5693 0.5891 -0.5735
vn 0.4581 0.7922 0.4032
vn -0.5696 0.5890 -0.5733
vn 0.4578 0.7923 0.4033
vn 0.7158 0.6827 0.1465
vn 0.7158 0.6828 0.1464
vn 0.7159 0.6827 0.1465
vn 0.7159 0.6826 0.1464
vn -0.7159 -0.6825 0.1469
vn -0.7159 -0.6826 0.1468
vn 0.7159 -0.6826 0.1464
vn 0.7158 -0.6828 0.1464
vn 0.7158 -0.6828 0.1465
vn 0.7158 -0.6827 0.1465
vn 0.5580 0.8222 0.1119
vn 0.5580 0.8223 0.1120
vn 0.5580 0.8223 0.1116
vn -0.5579 0.8224 0.1116
vn -0.5579 0.8223 0.1116
vn -0.5582 0.8222 0.1114
vn -0.7159 0.6826 0.1464
vn -0.7157 0.6827 0.1468
vn -0.7159 0.6826 0.1469
vn -0.7157 0.6828 0.1468
vn -0.5579 -0.8224 0.1116
vn 0.5580 -0.8222 0.1119
vn 0.5580 -0.8223 0.1116
vn 0.7198 0.0471 0.6926
vn 0.7199 0.0469 0.6925
vn 0.7198 0.0469 0.6926
vn 0.9946 -0.0080 -0.1037
vn 0.9946 -0.0079 -0.1037
vn 0.9946 -0.0078 -0.1037
vn -0.1153 -0.0685 -0.9910
vn -0.1154 -0.0685 -0.9910
vn 0.1158 0.0686 0.9909
vn 0.5499 -0.0567 -0.8333
vn 0.5499 -0.0568 -0.8333
vn -0.0116 0.9959 0.0897
vn -0.0116 0.9959 0.0896
vn -0.0114 0.9959 0.0900
vn -0.9900 -0.0000 -0.1413
vn -0.9900 -0.0000 -0.1410
vn -0.9900 -0.0000 -0.1408
vn -0.7100 -0.0000 -0.7042
vn -0.7096 -0.0000 -0.7046
vn -0.0254 -0.9946 -0.1003
vn -0.0252 -0.9947 -0.0999
vn 0.0115 -0.9959 0.0901
vn 0.0114 -0.9959 0.0900
vn 0.0118 -0.9959 0.0900
vn 0.9900 -0.0000 -0.1409
vn 0.9900 -0.0000 -0.1408
vn 0.9901 -0.0000 -0.1407
vn -0.0005 -0.0000 -1.0000
vn 0.7100 -0.0000 -0.7042
vn 0.7099 -0.0000 -0.7043
vn 0.0252 0.9947 -0.1000
vn 0.0252 0.9947 -0.0999
vn 0.0256 0.9947 -0.0999
vn -0.7197 0.0470 0.6927
vn -0.7197 0.0469 0.6927
vn -0.9946 -0.0079 -0.1036
vn -0.9946 -0.0078 -0.1036
vn 0.1155 -0.0685 -0.9909
vn 0.1156 -0.0686 -0.9909
vn -0.1155 0.0685 0.9909
vn -0.5499 -0.0568 -0.8333
vn -0.5500 -0.0567 -0.8332
vn -0.5499 -0.0567 -0.8333
vn -0.5500 -0.0568 -0.8332
vn -0.0114 -0.9959 0.0900
vn -0.0116 -0.9959 0.0896
vn -0.0116 -0.9959 0.0897
vn -0.9901 -0.0000 -0.1407
vn -0.7099 -0.0000 -0.7043
vn -0.0252 0.9947 -0.0999
vn -0.0254 0.9946 -0.1003
vn 0.7198 -0.0471 0.6926
vn 0.7198 -0.0470 0.6926
vn 0.7199 -0.0470 0.6925
vn 0.9946 0.0078 -0.1037
vn 0.9946 0.0079 -0.1037
vn 0.9946 0.0080 -0.1037
vn -0.1154 0.0686 -0.9909
vn -0.1153 0.0685 -0.9910
vn -0.1153 0.0684 -0.9910
vn 0.1158 -0.0686 0.9909
vn 0.1157 -0.0685 0.9909
vn 0.5499 0.0567 -0.8333
vn 0.5499 0.0568 -0.8333
vn -0.7197 -0.0470 0.6927
vn -0.7197 -0.0469 0.6927
vn -0.7197 -0.0471 0.6927
vn -0.9946 0.0079 -0.1036
vn -0.9946 0.0078 -0.1036
vn 0.1155 0.0685 -0.9909
vn 0.1156 0.0686 -0.9909
vn -0.1155 -0.0685 0.9909
vn -0.5499 0.0568 -0.8333
vn -0.5500 0.0568 -0.8332
vn -0.5500 0.0567 -0.8332
vn 0.0118 0.9959 0.0900
vn 0.0114 0.9959 0.0900
vn 0.0115 0.9959 0.0900
vn 0.7096 -0.0000 -0.7046
vn 0.0256 -0.9947 -0.0999
vn 0.0252 -0.9947 -0.1000
vn 0.0252 -0.9947 -0.0999
vn 0.1095 0.6699 0.7343
vn 0.1034 0.0685 0.9923
vn 0.0450 0.9964 -0.0725
vn -0.1041 -0.0685 -0.9922
vn -0.0549 0.5640 -0.8240
vn -0.0549 0.5639 -0.8240
vn -0.1097 -0.6701 0.7341
vn -0.1038 -0.0685 0.9922
vn -0.0450 -0.9964 -0.0725
vn 0.1037 0.0684 -0.9923
vn 0.0547 -0.5638 -0.8241
vn -0.1097 -0.6698 0.7344
vn -0.1097 -0.6697 0.7345
vn -0.1096 -0.6698 0.7344
vn -0.0449 -0.9964 -0.0725
vn -0.0448 -0.9964 -0.0724
vn 0.1037 0.0685 -0.9922
vn 0.1038 0.0685 -0.9922
vn -0.1037 -0.0684 0.9922
vn -0.1037 -0.0685 0.9922
vn 0.0548 -0.5640 -0.8239
vn 0.0549 -0.5636 -0.8242
vn -0.1097 0.6701 0.7341
vn -0.1038 0.0685 0.9922
vn -0.0450 0.9964 -0.0725
vn 0.1037 -0.0684 -0.9923
vn 0.0547 0.5638 -0.8241
vn -0.1096 0.6699 0.7343
vn -0.1096 0.6698 0.7344
vn -0.1097 0.6697 0.7345
vn -0.0449 0.9964 -0.0725
vn -0.0448 0.9964 -0.0724
vn 0.1037 -0.0685 -0.9922
vn 0.1038 -0.0685 -0.9922
vn -0.1037 0.0685 0.9922
vn -0.1037 0.0684 0.9922
vn 0.0548 0.5640 -0.8239
vn 0.0548 0.5638 -0.8241
vn 0.1098 -0.6699 0.7343
vn 0.1099 -0.6698 0.7344
vn 0.0450 -0.9964 -0.0725
vn 0.0449 -0.9964 -0.0725
vn -0.1037 0.0685 -0.9922
vn -0.1038 0.0685 -0.9922
vn 0.1038 -0.0685 0.9922
vn -0.0548 -0.5640 -0.8239
vn -0.0547 -0.5637 -0.8241
vn 0.1095 -0.6699 0.7343
vn 0.1034 -0.0685 0.9923
vn -0.1041 0.0685 -0.9922
vn -0.0549 -0.5639 -0.8240
vn -0.0549 -0.5640 -0.8240
vn 0.1099 0.6699 0.7343
vn 0.1099 0.6698 0.7344
vn 0.0449 0.9964 -0.0725
vn -0.1037 -0.0685 -0.9922
vn -0.1038 -0.0685 -0.9922
vn 0.1038 0.0685 0.9922
vn 0.1037 0.0685 0.9922
vn -0.0548 0.5640 -0.8239
vn -0.0000 0.7844 -0.6202
vn -0.0000 0.7845 -0.6202
vn -0.0000 0.7844 -0.6203
vn -0.0000 -0.7844 -0.6202
vn -0.0000 -0.7844 -0.6203
vn -0.0000 -0.7845 -0.6202
vn -0.7996 -0.0000 -0.6005
vn -0.7996 -0.0000 -0.6006
vn 0.7998 -0.0000 -0.6003
vn 0.8001 -0.0000 -0.5999
vn 0.7998 -0.0000 -0.6002
vn -0.7997 -0.0000 -0.6004
vn -0.7244 -0.0000 0.6893
vn 0.7244 -0.0000 0.6893
vn 0.7246 -0.0000 -0.6892
vn 0.7244 -0.0000 0.6894
vn -0.7246 -0.0000 -0.6892
vn -0.7244 -0.0000 0.6894
vn 0.7247 -0.0000 0.6891
vn -0.7245 -0.0000 0.6893
vn -0.7244 -0.0000 -0.6894
vn 0.7247 -0.0000 -0.6891
vn -0.7245 -0.0000 -0.6893
vn 0.7246 -0.0000 0.6892
vn 0.0001 0.7073 -0.7069
vn -0.0000 -0.7633 -0.6461
vn -0.0000 -0.6460 0.7634
vn 0.0002 -0.6460 0.7633
vn -0.0000 0.7634 0.6460
vn -0.0000 0.7633 0.6460
vn -0.0000 -0.6461 0.7633
vn -0.0000 0.7633 0.6461
vn -0.0000 0.6459 -0.7634
vn -0.0000 -0.7633 -0.6460
vn -0.0000 0.6460 -0.7633
vn -0.0000 -0.7634 -0.6459
vn -0.0000 -0.7634 -0.6460
vn -0.0000 0.7635 0.6458
vn -0.0000 -0.6460 0.7633
vn -0.0000 0.7634 0.6459
vn 0.0003 0.6460 -0.7633
vn -0.0000 -0.6459 0.7634
vn -0.0000 -0.7635 -0.6458
vn -0.0003 -0.7635 -0.6458
vn -0.0002 -0.7632 -0.6461
vn -0.0000 -0.6461 0.7632
vn 0.0003 -0.7634 -0.6459
vn -0.0004 -0.6459 0.7634
vn -0.0000 0.7637 0.6456
vn -0.0004 0.7635 0.6458
vn -0.0000 -0.6462 0.7632
vn -0.0004 -0.6460 0.7634
vn -0.0000 0.7636 0.6457
vn -0.0000 0.6461 -0.7632
vn -0.0004 0.7634 0.6459
vn -0.0004 0.6459 -0.7634
vn 0.0004 -0.7635 -0.6458
vn -0.0000 0.6462 -0.7632
vn -0.0004 0.6460 -0.7633
vn -0.0000 -0.7632 -0.6462
vn -0.0000 -0.6456 0.7636
vn -0.0000 -0.6456 0.7637
vn -0.0000 0.7632 0.6461
vn -0.0000 -0.6457 0.7636
vn -0.0000 0.7632 0.6462
vn -0.0000 0.6456 -0.7637
vn -0.0000 -0.7632 -0.6461
vn -0.0000 0.6457 -0.7636
vn 0.2525 0.9607 0.1156
vn 0.9673 0.2290 0.1094
vn 0.2545 0.9671 0.0001
vn 0.9308 0.3656 -0.0000
vn -0.7244 -0.6872 0.0550
vn 0.6188 -0.7831 0.0625
vn 0.6201 -0.7845 -0.0000
vn 0.6187 -0.7831 0.0625
vn 0.6201 -0.7846 0.0001
vn 0.2525 0.9607 0.1155
vn -0.8126 0.5797 0.0606
vn -0.8139 0.5810 -0.0000
vn -0.7243 -0.6872 0.0549
vn -0.2522 -0.9608 0.1156
vn -0.9672 -0.2291 0.1095
vn -0.2546 -0.9670 -0.0000
vn -0.9307 -0.3657 0.0001
vn 0.7246 0.6870 0.0549
vn -0.6185 0.7833 0.0626
vn -0.6201 0.7845 -0.0000
vn -0.9308 -0.3656 -0.0000
vn -0.6201 0.7846 0.0001
vn -0.2521 -0.9608 0.1156
vn -0.2546 -0.9671 -0.0000
vn 0.8127 -0.5795 0.0606
vn 0.8139 -0.5810 -0.0000
vn 0.8127 -0.5796 0.0606
vn 0.7244 0.6893 -0.0000
vn -0.7244 0.6893 -0.0000
vn -0.7244 0.6894 -0.0000
vn 0.7246 -0.6891 -0.0000
vn 0.7245 -0.6893 0.0001
vn 0.9918 -0.0511 -0.1171
vn 0.9918 -0.0509 -0.1174
vn -0.9918 0.0511 0.1171
vn -0.9918 0.0510 0.1174
vn -0.9918 0.0509 0.1176
vn -0.9918 0.0509 0.1174
vn 0.0566 0.9908 0.1232
vn 0.0570 0.9907 0.1233
vn 0.0566 0.9908 0.1233
vn -0.0566 -0.9908 0.1232
vn -0.0569 -0.9907 0.1232
vn -0.0566 -0.9908 0.1233
vn -0.9918 0.0509 -0.1174
vn -0.9918 0.0511 -0.1171
vn 0.9918 -0.0509 0.1174
vn 0.9918 -0.0511 0.1171
vn 0.9918 0.0509 -0.1175
vn 0.9918 0.0508 -0.1176
vn 0.9918 0.0509 -0.1174
vn 0.9918 0.0511 -0.1171
vn -0.9918 -0.0511 0.1171
vn -0.9918 -0.0510 0.1174
vn 0.0566 -0.9908 -0.1232
vn -0.0566 0.9908 -0.1232
vn -0.9918 -0.0508 -0.1176
vn -0.9918 -0.0509 -0.1174
vn -0.9918 -0.0511 -0.1171
vn 0.9918 0.0509 0.1176
vn 0.9918 0.0511 0.1171
vn 0.9918 0.0509 0.1175
vn -0.0000 0.9977 -0.0685
vn 0.0003 0.9977 -0.0685
vn -0.0000 -0.9977 0.0685
vn -0.0000 -0.9976 0.0688
vn -0.0000 0.9977 0.0685
vn 0.0003 0.9977 0.0685
vn -0.0000 -0.9977 -0.0685
vn -0.0000 -0.9977 -0.0682
vn -0.9947 0.0470 0.0920
vn -0.9947 0.0470 0.0919
vn 0.9947 -0.0470 0.0916
vn 0.9947 -0.0470 0.0915
vn 0.9947 -0.0470 0.0917
vn 0.9947 -0.0469 0.0920
vn 0.9946 -0.0470 0.0921
vn 0.9946 -0.0469 0.0920
vn 0.9947 -0.0469 0.0917
vn -0.9947 -0.0470 -0.0917
vn -0.9947 -0.0470 -0.0918
vn -0.9947 -0.0469 -0.0917
vn 0.9947 0.0470 -0.0920
vn 0.9947 0.0470 -0.0919
vn -0.9947 0.0469 0.0918
vn -0.9947 0.0469 0.0919
vn 0.7319 -0.6790 0.0568
vn -0.7188 -0.6915 0.0725
vn -0.7319 -0.6790 0.0569
vn 0.7188 -0.6914 0.0725
vn -0.5615 -0.5790 0.5912
vn 0.5615 -0.5790 0.5912
vn -0.5423 0.0255 0.8398
vn 0.5423 0.0255 0.8398
vn -0.5905 0.4009 0.7004
vn 0.5905 0.4010 0.7004
vn -0.7185 0.6930 -0.0588
vn 0.7303 0.6796 -0.0687
vn 0.7185 0.6930 -0.0587
vn -0.7303 0.6796 -0.0687
vn 0.8317 0.4012 -0.3838
vn -0.8317 0.4013 -0.3838
vn 0.8570 -0.0313 -0.5144
vn -0.8561 -0.0313 -0.5158
vn 0.7948 -0.3111 -0.5210
vn -0.7948 -0.3110 -0.5210
vn 0.7185 0.6931 -0.0588
vn 0.7187 -0.6915 0.0725
vn 0.7319 -0.6791 0.0569
vn 0.7303 0.6797 -0.0686
vn 0.8317 0.4013 -0.3838
vn 0.7948 -0.3112 -0.5210
vn 0.9673 -0.2290 0.1094
vn -0.6185 -0.7833 0.0625
vn 0.8127 0.5796 0.0606
vn -0.0566 -0.9908 -0.1232
vn -0.0569 -0.9907 -0.1233
vn 0.0566 0.9908 -0.1232
vn 0.0567 0.9908 -0.1231
vn -0.0566 0.9908 0.1232
vn -0.0568 0.9908 0.1229
vn 0.0566 -0.9908 0.1232
vn 0.0569 -0.9907 0.1232
vn 0.0003 -0.9977 0.0685
vn -0.0000 0.9977 -0.0682
vn 0.0003 -0.9977 -0.0685
vn -0.0000 0.9976 0.0688
vn 0.9947 -0.0470 -0.0920
vn 0.9947 -0.0470 -0.0919
vn -0.9946 0.0470 -0.0923
vn -0.9947 0.0471 -0.0918
vn -0.9947 0.0470 -0.0917
vn -0.9947 0.0470 -0.0918
vn -0.9946 -0.0470 -0.0923
vn 0.9947 0.0470 0.0916
vn 0.9947 0.0470 0.0915
vn 0.9946 0.0469 0.0920
vn 0.9947 0.0469 0.0917
vn 0.9947 0.0470 0.0917
vn 0.9946 0.0470 0.0921
vn -0.9947 -0.0469 0.0918
vn -0.9947 -0.0468 0.0917
vn -0.9947 -0.0470 0.0919
vn -0.9947 -0.0468 0.0918
vn -0.9947 -0.0469 0.0919
vn 0.9947 -0.0469 -0.0918
vn 0.9947 -0.0471 -0.0919
vn 0.9947 -0.0469 -0.0919
vn -0.7243 -0.6873 0.0549
vn 0.8128 -0.5795 0.0606
vn 0.7245 0.6871 0.0549
vn -0.2522 -0.9607 0.1156
vn -0.6185 0.7833 0.0625
vn -0.7318 -0.6791 0.0568
vn -0.7303 0.6797 -0.0687
vn -0.7185 0.6931 -0.0588
vn -0.7187 -0.6915 0.0725
vn -0.8317 0.4012 -0.3838
vn -0.5905 0.4010 0.7004
vn -0.7948 -0.3112 -0.5210
vn -0.7319 -0.6791 0.0568
vn -0.0000 -1.0000 -0.0019
vn -0.7321 -0.6812 -0.0019
vn -1.0000 0.0002 -0.0000
vn -0.7984 -0.5694 -0.1957
vn -0.0000 -0.9511 -0.3090
vn -0.0000 -0.7871 -0.6168
vn -0.9999 0.0156 -0.0000
vn -0.9930 0.1078 0.0488
vn -0.8344 -0.4242 -0.3518
vn -0.0000 -0.0313 -0.9995
vn -0.7157 0.6984 0.0019
vn -0.0000 1.0000 -0.0001
vn -0.0019 -0.0000 -1.0000
vn -0.7023 0.0039 -0.7119
vn -0.0000 1.0000 0.0039
vn -0.7593 -0.0274 -0.6502
vn -0.9998 0.0039 0.0194
vn -0.9881 0.1135 0.1038
vn -0.9924 0.0196 0.1213
vn -0.6833 0.0020 0.7302
vn -0.6520 0.5620 0.5089
vn -0.6417 0.0978 0.7607
vn 0.0001 -0.0000 1.0000
vn -0.6670 0.6906 0.2797
vn -0.0000 0.7414 0.6711
vn -0.0000 0.9269 0.3754
vn -0.0000 0.1352 0.9908
vn 0.7157 0.6984 0.0019
vn 1.0000 0.0001 -0.0000
vn 0.6420 0.0939 0.7610
vn 0.6813 -0.0020 0.7320
vn 0.9999 0.0157 -0.0000
vn 0.6670 0.6906 0.2797
vn 0.7321 -0.6812 -0.0019
vn 0.0001 -1.0000 -0.0001
vn 0.6523 0.5618 0.5088
vn 0.9930 0.1078 0.0488
vn 0.7984 -0.5694 -0.1957
vn 0.8338 -0.4248 -0.3525
vn 0.9881 0.1135 0.1038
vn 0.7613 -0.0333 -0.6476
vn 0.7011 -0.0039 -0.7130
vn 0.9998 -0.0039 0.0213
vn 0.9923 0.0137 0.1232
vn 0.4967 0.4734 0.7275
vn 0.4968 -0.4733 0.7275
vn 0.4968 0.4733 0.7275
vn -0.4968 0.4733 0.7275
vt 0.992676 -0.710938
vt 0.961426 -0.752930
vt 0.961426 -0.710938
vt 0.992676 0.710693
vt 0.961426 0.710693
vt 0.961426 0.752930
vt 0.853516 0.674805
vt 0.811035 0.674805
vt 0.831055 0.734375
vt 0.811035 0.335449
vt 0.853516 0.335449
vt 0.833984 0.287109
vt 0.794922 0.570312
vt 0.619141 0.416992
vt 0.678711 0.570312
vt 0.400391 0.957031
vt 0.600586 0.957031
vt 0.400391 0.546387
vt 0.600586 0.546387
vt 0.874023 -0.710938
vt 0.874023 0.710693
vt 0.874023 -0.752930
vt 0.874023 0.752930
vt 0.961426 -2.476562
vt 0.992676 -2.476562
vt 0.961426 -1.476562
vt 0.992676 -1.476562
vt 0.874023 -1.476562
vt 0.874023 -2.476562
vt 0.400391 0.464355
vt 0.602539 0.464355
vt 0.400391 0.391602
vt 0.602539 0.391602
vt 0.992676 -0.844727
vt 0.874023 -0.844727
vt 0.992676 -2.951172
vt 0.874023 -2.951172
vt 0.992676 -2.955078
vt 0.874023 -2.955078
vt 0.474365 0.234375
vt 0.474365 0.145508
vt 0.522949 0.234375
vt 0.522949 0.145508
vt 0.854492 3.488281
vt 0.807617 3.488281
vt 0.854492 3.376953
vt 0.807617 3.376953
vt 0.981445 -1.011719
vt 0.955078 -1.011719
vt 0.981445 1.936523
vt 0.955078 1.936523
vt 0.992676 -0.662109
vt 0.992676 2.287109
vt 0.874023 -0.662109
vt 0.874023 2.287109
vt 0.811035 1.833496
vt 0.811035 1.951660
vt 0.853516 1.833496
vt 0.853516 1.951660
vt 0.853516 1.054810
vt 0.853516 0.850586
vt 0.811035 1.054810
vt 0.811035 0.850586
vt 0.853516 1.305664
vt 0.811035 1.305664
vt 0.872559 -6.460938
vt 0.753906 -6.460938
vt 0.872559 -5.042969
vt 0.753906 -5.042969
vt 0.792480 0.095215
vt 0.619141 0.095215
vt 0.792480 0.191895
vt 0.619141 0.191895
vt 0.794922 0.258789
vt 0.619141 0.258789
vt 0.854492 -1.775391
vt 0.807617 -1.775391
vt 0.854492 -1.160156
vt 0.807617 -1.160156
vt 0.292236 0.284668
vt 0.342285 0.246094
vt 0.242065 0.246094
vt 0.363037 0.151855
vt 0.221313 0.151855
vt 0.242065 0.058105
vt 0.342285 0.058105
vt 0.292236 0.019043
vt 0.210571 0.677734
vt 0.210571 0.326660
vt 0.231445 0.326660
vt 0.231445 0.677734
vt 0.252441 0.326660
vt 0.252441 0.677734
vt 0.273193 0.326660
vt 0.273193 0.677734
vt 0.294189 0.326660
vt 0.294189 0.677734
vt 0.314941 0.326660
vt 0.314941 0.677734
vt 0.335938 0.326660
vt 0.335938 0.677734
vt 0.356689 0.326660
vt 0.356689 0.677734
vt 0.377686 0.326660
vt 0.377686 0.677734
vt 0.793457 0.053223
vt 0.793457 0.233887
vt 0.677734 0.233887
vt 0.677734 0.053223
vt 0.618164 0.192383
vt 0.618164 0.094727
vt 0.794922 0.940430
vt 0.794922 0.598633
vt 0.678711 0.598633
vt 0.678711 0.940430
vt 0.619141 0.677490
vt 0.619141 0.861694
vt 0.807617 -0.400391
vt 0.854492 2.996094
vt 0.854492 -0.400391
vt 0.807617 2.996094
vt 0.854492 3.111328
vt 0.807617 3.111328
vt 0.854492 3.248047
vt 0.807617 3.248047
vt 0.854492 -0.402344
vt 0.807617 -0.402344
vt 0.440186 0.087402
vt 0.440186 0.303223
vt 0.532227 0.087402
vt 0.562988 0.141113
vt 0.562988 0.303223
vt 0.169556 -1.208984
vt 0.197266 -1.208984
vt 0.197266 0.894165
vt 0.169556 0.894165
vt 0.149780 -1.208984
vt 0.169556 0.943970
vt 0.197266 0.943970
vt 0.197266 0.983231
vt 0.149780 0.894165
vt 0.126709 -1.208984
vt 0.149780 0.943970
vt 0.169556 0.983231
vt 0.197266 1.020279
vt 0.126709 0.894165
vt 0.104248 -1.208984
vt 0.197388 1.201538
vt 0.169556 1.201538
vt 0.104248 0.894165
vt 0.081848 -1.208984
vt 0.169556 1.020279
vt 0.149780 1.201416
vt 0.149780 0.983231
vt 0.149780 1.020279
vt 0.126709 1.201538
vt 0.126709 0.983231
vt 0.126709 1.020279
vt 0.104248 1.201538
vt 0.126709 0.943970
vt 0.104248 0.983231
vt 0.104248 0.943970
vt 0.104248 1.020279
vt 0.081848 0.894165
vt 0.060028 -1.208984
vt 0.081848 1.020279
vt 0.081848 1.201538
vt 0.060028 0.894165
vt 0.036652 -1.208984
vt 0.081848 0.943970
vt 0.036652 0.894165
vt 0.013924 -1.208984
vt 0.013924 0.894165
vt 0.081848 0.983231
vt 0.060028 0.943970
vt 0.036652 0.943970
vt 0.013924 0.943970
vt 0.013924 0.983231
vt 0.036652 0.983231
vt 0.013924 1.020279
vt 0.060028 0.983231
vt 0.036652 1.020279
vt 0.036682 1.201416
vt 0.013954 1.201538
vt 0.060028 1.201416
vt 0.060028 1.020279
vt 0.602539 0.963959
vt 0.500488 0.750122
vt 0.602539 0.536377
vt 0.398682 0.963959
vt 0.398682 0.536377
vt 0.401611 0.355469
vt 0.501953 0.187012
vt 0.602539 0.355469
vt 0.401611 0.019043
vt 0.602539 0.019043
s 1
usemtl WaterTankMetal
f 1/1/1 2/2/1 3/3/2
f 4/4/3 5/5/4 6/6/3
f 7/3/5 8/2/5 9/1/5
f 10/5/6 11/4/6 12/6/6
f 13/7/7 14/8/7 15/9/7
f 16/10/8 17/11/8 18/12/8
f 19/7/9 20/8/9 21/9/9
f 22/10/10 23/11/10 24/12/10
f 25/9/7 26/8/7 27/7/7
f 28/12/8 29/11/8 30/10/8
f 31/7/11 32/8/11 33/9/11
f 34/10/12 35/11/12 36/12/12
f 37/9/13 38/8/13 39/7/13
f 40/12/14 41/11/14 42/10/14
f 43/9/15 44/8/7 45/7/15
f 46/12/16 47/11/16 48/10/8
f 49/7/17 50/8/17 51/9/17
f 52/10/18 53/11/18 54/12/18
f 55/9/19 56/8/19 57/7/19
f 58/12/20 59/11/20 60/10/20
f 61/13/21 62/14/22 63/15/22
f 64/13/23 65/15/24 66/14/24
f 67/13/25 68/14/25 69/15/25
f 70/13/26 71/15/26 72/14/26
f 73/15/27 74/14/27 75/13/28
f 76/14/29 77/15/29 78/13/30
f 79/15/31 80/14/31 81/13/31
f 82/14/32 83/15/32 84/13/32
f 85/16/8 86/17/8 87/18/8
f 86/17/8 88/19/8 87/18/8
f 89/20/8 90/21/8 91/22/8
f 90/21/8 92/23/8 91/22/8
f 93/22/33 94/20/34 95/2/34
f 94/20/34 96/3/35 95/2/34
f 97/1/36 98/3/36 99/4/36
f 98/3/36 100/5/36 99/4/36
f 101/21/37 102/23/38 103/5/39
f 102/23/38 104/6/40 103/5/39
f 105/24/41 106/25/41 107/26/41
f 106/25/41 108/27/41 107/26/41
f 109/3/42 110/1/42 111/5/42
f 110/1/42 112/4/42 111/5/42
f 113/25/43 114/24/43 115/27/43
f 114/24/43 116/26/43 115/27/43
f 117/2/44 118/3/44 119/22/45
f 118/3/44 120/20/44 119/22/45
f 121/5/46 122/6/47 123/21/47
f 122/6/47 124/23/47 123/21/47
f 125/21/48 126/5/48 127/20/48
f 126/5/48 128/3/48 127/20/48
f 129/26/49 130/28/49 131/24/49
f 130/28/49 132/29/49 131/24/49
f 133/29/50 134/28/50 135/24/50
f 134/28/50 136/26/50 135/24/50
f 137/5/51 138/21/51 139/3/51
f 138/21/51 140/20/51 139/3/51
f 141/21/8 142/20/8 143/23/8
f 142/20/8 144/22/8 143/23/8
f 145/30/52 146/31/53 147/32/44
f 146/31/53 148/33/46 147/32/44
f 149/33/37 150/32/54 151/31/55
f 150/32/54 152/30/56 151/31/55
f 153/32/45 154/33/35 155/30/57
f 154/33/35 156/31/58 155/30/57
f 157/31/55 158/30/58 159/33/38
f 158/30/58 160/32/34 159/33/38
f 161/30/52 162/31/53 163/32/59
f 162/31/53 164/33/47 163/32/59
f 165/33/60 166/32/54 167/31/61
f 166/32/54 168/30/62 167/31/61
f 169/32/45 170/33/63 171/30/64
f 170/33/63 172/31/65 171/30/64
f 173/31/61 174/30/65 175/33/38
f 174/30/65 176/32/34 175/33/38
f 177/30/66 178/31/67 179/32/44
f 178/31/67 180/33/47 179/32/44
f 181/33/37 182/32/46 183/31/68
f 182/32/46 184/30/67 183/31/68
f 185/32/45 186/33/63 187/30/69
f 186/33/63 188/31/70 187/30/69
f 189/31/71 190/30/72 191/33/38
f 190/30/72 192/32/35 191/33/38
f 193/30/66 194/31/67 195/32/44
f 194/31/67 196/33/47 195/32/44
f 197/33/37 198/32/54 199/31/73
f 198/32/54 200/30/74 199/31/73
f 201/32/59 202/33/63 203/30/66
f 202/33/63 204/31/75 203/30/66
f 205/31/71 206/30/72 207/33/60
f 206/30/72 208/32/34 207/33/60
f 209/34/76 210/35/77 211/36/76
f 210/35/77 212/37/78 211/36/76
f 213/37/79 214/35/80 215/36/81
f 214/35/80 216/34/82 215/36/81
f 217/37/83 218/35/84 219/36/85
f 218/35/84 220/34/86 219/36/85
f 221/37/87 222/36/88 223/35/89
f 222/36/88 224/34/90 223/35/89
f 225/34/91 226/35/92 227/36/93
f 226/35/92 228/37/94 227/36/93
f 229/36/95 230/37/96 231/34/97
f 230/37/96 232/35/98 231/34/97
f 233/37/99 234/35/100 235/36/101
f 234/35/100 236/34/102 235/36/101
f 237/36/101 238/34/103 239/37/104
f 238/34/103 240/35/105 239/37/104
f 241/38/106 242/34/107 243/39/108
f 242/34/107 244/35/109 243/39/108
f 245/38/110 246/39/111 247/34/112
f 246/39/111 248/35/113 247/34/112
f 249/38/114 250/39/115 251/34/116
f 250/39/115 252/35/117 251/34/116
f 253/39/118 254/38/119 255/35/120
f 254/38/119 256/34/121 255/35/120
f 257/40/122 258/41/122 259/42/122
f 258/41/122 260/43/122 259/42/122
f 261/44/123 262/45/124 263/46/125
f 262/45/124 264/47/126 263/46/125
f 265/45/127 266/47/125 267/44/128
f 266/47/125 268/46/129 267/44/128
f 269/45/130 270/44/131 271/47/132
f 270/44/131 272/46/133 271/47/132
f 273/45/124 274/44/134 275/47/135
f 274/44/134 276/46/136 275/47/135
f 277/40/134 278/41/137 279/42/138
f 278/41/137 280/43/123 279/42/138
f 281/34/139 282/35/140 283/36/141
f 282/35/140 284/37/142 283/36/141
f 285/37/143 286/35/144 287/36/145
f 286/35/144 288/34/146 287/36/145
f 289/37/147 290/35/148 291/36/149
f 290/35/148 292/34/150 291/36/149
f 293/37/151 294/36/152 295/35/153
f 294/36/152 296/34/154 295/35/153
f 297/34/155 298/35/156 299/36/157
f 298/35/156 300/37/158 299/36/157
f 301/37/159 302/35/160 303/36/161
f 302/35/160 304/34/162 303/36/161
f 305/37/163 306/35/164 307/36/165
f 306/35/164 308/34/166 307/36/165
f 309/37/167 310/36/168 311/35/155
f 310/36/168 312/34/169 311/35/155
f 313/34/170 314/35/171 315/36/172
f 314/35/171 316/37/173 315/36/172
f 317/37/174 318/35/175 319/36/176
f 318/35/175 320/34/177 319/36/176
f 321/37/178 322/35/179 323/36/180
f 322/35/179 324/34/181 323/36/180
f 325/37/182 326/36/183 327/35/184
f 326/36/183 328/34/185 327/35/184
f 329/34/186 330/35/187 331/36/188
f 330/35/187 332/37/189 331/36/188
f 333/36/190 334/37/191 335/34/192
f 334/37/191 336/35/193 335/34/192
f 337/37/194 338/35/195 339/36/196
f 338/35/195 340/34/197 339/36/196
f 341/36/198 342/34/199 343/37/200
f 342/34/199 344/35/201 343/37/200
f 345/34/202 346/35/203 347/36/204
f 346/35/203 348/37/205 347/36/204
f 349/36/206 350/37/205 351/34/207
f 350/37/205 352/35/208 351/34/207
f 353/37/209 354/35/210 355/36/211
f 354/35/210 356/34/212 355/36/211
f 357/36/213 358/34/214 359/37/215
f 358/34/214 360/35/216 359/37/215
f 361/34/217 362/35/218 363/36/219
f 362/35/218 364/37/220 363/36/219
f 365/36/221 366/37/222 367/34/223
f 366/37/222 368/35/224 367/34/223
f 369/37/225 370/35/226 371/36/227
f 370/35/226 372/34/228 371/36/227
f 373/36/229 374/34/227 375/37/230
f 374/34/227 376/35/231 375/37/230
f 377/48/232 378/49/233 379/50/234
f 378/49/233 380/51/235 379/50/234
f 381/52/236 382/53/47 383/54/237
f 382/53/47 384/55/238 383/54/237
f 385/52/233 386/54/237 387/53/235
f 386/54/237 388/55/238 387/53/235
f 389/54/239 390/55/240 391/52/241
f 390/55/240 392/53/242 391/52/241
f 393/54/236 394/52/243 395/55/54
f 394/52/243 396/53/242 395/55/54
f 397/48/244 398/49/245 399/50/246
f 398/49/245 400/51/247 399/50/246
f 401/52/248 402/53/34 403/54/249
f 402/53/34 404/55/250 403/54/249
f 405/52/245 406/54/251 407/53/247
f 406/54/251 408/55/250 407/53/247
f 409/54/244 410/55/252 411/52/253
f 410/55/252 412/53/254 411/52/253
f 413/54/248 414/52/253 415/55/63
f 414/52/253 416/53/254 415/55/63
f 417/56/255 418/57/256 419/58/256
f 418/57/256 420/59/255 419/58/256
f 421/60/257 422/61/258 423/62/258
f 422/61/258 424/63/259 423/62/258
f 425/58/260 426/56/261 427/64/262
f 426/56/261 428/65/261 427/64/262
f 429/65/263 430/56/263 431/64/263
f 430/56/263 432/58/264 431/64/263
f 433/57/265 434/56/266 435/59/267
f 434/56/266 436/58/268 435/59/267
f 437/8/269 438/7/269 439/10/270
f 438/7/269 440/11/269 439/10/270
f 441/56/271 442/57/272 443/58/273
f 442/57/272 444/59/271 443/58/273
f 445/61/274 446/63/275 447/60/274
f 446/63/275 448/62/274 447/60/274
f 449/58/276 450/56/276 451/64/277
f 450/56/276 452/65/277 451/64/277
f 453/65/278 454/56/279 455/64/280
f 454/56/279 456/58/278 455/64/280
f 457/59/281 458/57/282 459/58/282
f 458/57/282 460/56/283 459/58/282
f 461/7/284 462/11/285 463/8/286
f 462/11/285 464/10/285 463/8/286
f 465/56/287 466/57/288 467/58/287
f 466/57/288 468/59/288 467/58/287
f 469/61/289 470/63/290 471/60/290
f 470/63/290 472/62/290 471/60/290
f 473/58/291 474/56/292 475/64/293
f 474/56/292 476/65/293 475/64/293
f 477/65/294 478/56/295 479/64/296
f 478/56/295 480/58/296 479/64/296
f 481/59/297 482/57/298 483/58/298
f 482/57/298 484/56/298 483/58/298
f 485/7/299 486/11/300 487/8/300
f 486/11/300 488/10/301 487/8/300
f 489/56/302 490/57/303 491/58/303
f 490/57/303 492/59/304 491/58/303
f 493/60/305 494/61/306 495/62/306
f 494/61/306 496/63/307 495/62/306
f 497/58/308 498/56/309 499/64/310
f 498/56/309 500/65/310 499/64/310
f 501/65/311 502/56/311 503/64/311
f 502/56/311 504/58/312 503/64/311
f 505/57/313 506/56/314 507/59/314
f 506/56/314 508/58/314 507/59/314
f 509/8/315 510/7/315 511/10/315
f 510/7/315 512/11/315 511/10/315
f 513/56/316 514/58/317 515/57/317
f 514/58/317 516/59/317 515/57/317
f 517/60/318 518/62/318 519/61/318
f 518/62/318 520/63/318 519/61/318
f 521/65/319 522/56/320 523/64/320
f 522/56/320 524/58/320 523/64/320
f 525/65/321 526/64/321 527/56/322
f 526/64/321 528/58/322 527/56/322
f 529/58/323 530/56/323 531/59/324
f 530/56/323 532/57/324 531/59/324
f 533/8/325 534/10/326 535/7/325
f 534/10/326 536/11/326 535/7/325
f 537/56/327 538/58/328 539/57/329
f 538/58/328 540/59/327 539/57/329
f 541/62/330 542/63/331 543/60/330
f 542/63/331 544/61/330 543/60/330
f 545/65/332 546/56/333 547/64/332
f 546/56/333 548/58/334 547/64/332
f 549/65/335 550/64/336 551/56/337
f 550/64/336 552/58/335 551/56/337
f 553/59/338 554/58/339 555/57/339
f 554/58/339 556/56/340 555/57/339
f 557/10/341 558/11/342 559/8/343
f 558/11/342 560/7/342 559/8/343
f 561/56/344 562/58/345 563/57/345
f 562/58/345 564/59/344 563/57/345
f 565/62/346 566/63/346 567/60/346
f 566/63/346 568/61/347 567/60/346
f 569/65/348 570/56/348 571/64/349
f 570/56/348 572/58/348 571/64/349
f 573/65/350 574/64/351 575/56/351
f 574/64/351 576/58/351 575/56/351
f 577/59/352 578/58/353 579/57/352
f 578/58/353 580/56/353 579/57/352
f 581/10/354 582/11/355 583/8/355
f 582/11/355 584/7/355 583/8/355
f 585/56/356 586/58/357 587/57/357
f 586/58/357 588/59/357 587/57/357
f 589/60/358 590/62/359 591/61/359
f 590/62/359 592/63/358 591/61/359
f 593/65/360 594/56/361 595/64/360
f 594/56/361 596/58/361 595/64/360
f 597/65/362 598/64/362 599/56/362
f 598/64/362 600/58/362 599/56/362
f 601/58/363 602/56/364 603/59/364
f 602/56/364 604/57/365 603/59/364
f 605/8/366 606/10/367 607/7/366
f 606/10/367 608/11/367 607/7/366
f 609/66/368 610/67/369 611/68/370
f 610/67/369 612/69/369 611/68/370
f 613/68/371 614/69/372 615/66/373
f 614/69/372 616/67/374 615/66/373
f 617/66/375 618/68/375 619/67/373
f 618/68/375 620/69/373 619/67/373
f 621/67/370 622/69/376 623/66/377
f 622/69/376 624/68/378 623/66/377
f 625/66/379 626/67/380 627/68/381
f 626/67/380 628/69/382 627/68/381
f 629/68/383 630/69/384 631/66/383
f 630/69/384 632/67/384 631/66/383
f 633/66/385 634/68/385 635/67/386
f 634/68/385 636/69/386 635/67/386
f 637/67/387 638/69/388 639/66/389
f 638/69/388 640/68/389 639/66/389
f 641/66/390 642/67/391 643/68/392
f 642/67/391 644/69/391 643/68/392
f 645/68/393 646/69/394 647/66/393
f 646/69/394 648/67/394 647/66/393
f 649/66/395 650/68/396 651/67/397
f 650/68/396 652/69/398 651/67/397
f 653/67/390 654/69/399 655/66/400
f 654/69/399 656/68/400 655/66/400
f 657/66/401 658/67/402 659/68/403
f 658/67/402 660/69/404 659/68/403
f 661/68/405 662/69/406 663/66/407
f 662/69/406 664/67/408 663/66/407
f 665/66/409 666/68/409 667/67/410
f 666/68/409 668/69/411 667/67/410
f 669/67/412 670/69/412 671/66/413
f 670/69/412 672/68/409 671/66/413
f 673/66/414 674/68/415 675/67/416
f 674/68/415 676/69/416 675/67/416
f 677/67/417 678/69/418 679/66/419
f 678/69/418 680/68/420 679/66/419
f 681/66/421 682/67/422 683/68/423
f 682/67/422 684/69/424 683/68/423
f 685/67/414 686/66/425 687/69/426
f 686/66/425 688/68/427 687/69/426
f 689/66/428 690/68/429 691/67/430
f 690/68/429 692/69/430 691/67/430
f 693/67/431 694/69/431 695/66/432
f 694/69/431 696/68/433 695/66/432
f 697/66/434 698/67/432 699/68/435
f 698/67/432 700/69/433 699/68/435
f 701/67/429 702/66/436 703/69/437
f 702/66/436 704/68/438 703/69/437
f 705/66/439 706/68/439 707/67/440
f 706/68/439 708/69/441 707/67/440
f 709/67/442 710/69/443 711/66/444
f 710/69/443 712/68/445 711/66/444
f 713/66/446 714/67/447 715/68/448
f 714/67/447 716/69/449 715/68/448
f 717/67/450 718/66/446 719/69/451
f 718/66/446 720/68/452 719/69/451
f 721/66/453 722/68/454 723/67/455
f 722/68/454 724/69/455 723/67/455
f 725/67/456 726/69/456 727/66/457
f 726/69/456 728/68/458 727/66/457
f 729/66/459 730/67/460 731/68/461
f 730/67/460 732/69/460 731/68/461
f 733/67/462 734/66/463 735/69/464
f 734/66/463 736/68/465 735/69/464
f 737/70/466 738/71/467 739/72/468
f 738/71/467 740/73/469 739/72/468
f 741/70/470 742/71/470 743/72/470
f 742/71/470 744/73/471 743/72/470
f 745/73/472 746/71/473 747/72/474
f 746/71/473 748/70/475 747/72/474
f 749/72/476 750/70/477 751/73/478
f 750/70/477 752/71/478 751/73/478
f 753/72/479 754/73/480 755/70/481
f 754/73/480 756/71/479 755/70/481
f 757/73/482 758/71/483 759/72/484
f 758/71/483 760/70/485 759/72/484
f 761/72/486 762/70/486 763/73/486
f 762/70/486 764/71/486 763/73/486
f 765/72/487 766/73/488 767/70/487
f 766/73/488 768/71/488 767/70/487
f 769/56/489 770/57/490 771/58/491
f 770/57/490 772/59/490 771/58/491
f 773/60/492 774/61/493 775/62/493
f 774/61/493 776/63/494 775/62/493
f 777/64/495 778/58/496 779/65/495
f 778/58/496 780/56/495 779/65/495
f 781/65/497 782/56/497 783/64/497
f 782/56/497 784/58/497 783/64/497
f 785/59/498 786/57/499 787/58/499
f 786/57/499 788/56/498 787/58/499
f 789/13/500 790/14/501 791/74/500
f 790/14/501 792/75/502 791/74/500
f 793/59/7 794/64/7 795/57/7
f 794/64/7 796/65/7 795/57/7
f 797/61/503 798/63/504 799/60/505
f 798/63/504 800/62/505 799/60/505
f 801/58/8 802/56/8 803/64/8
f 802/56/8 804/65/8 803/64/8
f 805/59/506 806/57/506 807/58/507
f 806/57/506 808/56/507 807/58/507
f 809/13/508 810/74/508 811/14/508
f 810/74/508 812/75/509 811/14/508
f 813/13/510 814/14/511 815/74/511
f 814/14/511 816/75/512 815/74/511
f 817/59/7 818/64/7 819/57/7
f 818/64/7 820/65/9 819/57/7
f 821/61/513 822/63/514 823/60/514
f 822/63/514 824/62/515 823/60/514
f 825/58/516 826/56/8 827/64/8
f 826/56/8 828/65/10 827/64/8
f 829/59/517 830/57/517 831/58/518
f 830/57/517 832/56/518 831/58/518
f 833/13/519 834/74/519 835/14/520
f 834/74/519 836/75/521 835/14/520
f 837/56/522 838/58/523 839/57/523
f 838/58/523 840/59/523 839/57/523
f 841/60/524 842/62/525 843/61/525
f 842/62/525 844/63/524 843/61/525
f 845/64/526 846/65/527 847/58/526
f 846/65/527 848/56/526 847/58/526
f 849/65/528 850/64/528 851/56/528
f 850/64/528 852/58/528 851/56/528
f 853/59/529 854/58/530 855/57/531
f 854/58/530 856/56/532 855/57/531
f 857/75/533 858/14/534 859/74/535
f 858/14/534 860/13/534 859/74/535
f 861/65/7 862/64/7 863/57/7
f 862/64/7 864/59/7 863/57/7
f 865/62/536 866/63/504 867/60/536
f 866/63/504 868/61/504 867/60/536
f 869/65/8 870/56/8 871/64/8
f 870/56/8 872/58/8 871/64/8
f 873/59/506 874/58/537 875/57/537
f 874/58/537 876/56/506 875/57/537
f 877/75/538 878/74/539 879/14/539
f 878/74/539 880/13/539 879/14/539
f 881/56/540 882/58/541 883/57/542
f 882/58/541 884/59/542 883/57/542
f 885/60/543 886/62/544 887/61/545
f 886/62/544 888/63/545 887/61/545
f 889/64/546 890/65/547 891/58/547
f 890/65/547 892/56/548 891/58/547
f 893/65/549 894/64/549 895/56/549
f 894/64/549 896/58/550 895/56/549
f 897/59/551 898/58/552 899/57/552
f 898/58/552 900/56/552 899/57/552
f 901/56/553 902/57/554 903/58/553
f 902/57/554 904/59/555 903/58/553
f 905/60/556 906/61/557 907/62/556
f 906/61/557 908/63/557 907/62/556
f 909/64/558 910/58/558 911/65/559
f 910/58/558 912/56/559 911/65/559
f 913/65/560 914/56/560 915/64/560
f 914/56/560 916/58/560 915/64/560
f 917/59/561 918/57/561 919/58/562
f 918/57/561 920/56/563 919/58/562
f 921/75/564 922/14/565 923/74/565
f 922/14/565 924/13/566 923/74/565
f 925/65/9 926/64/7 927/57/7
f 926/64/7 928/59/7 927/57/7
f 929/62/513 930/63/515 931/60/514
f 930/63/515 932/61/515 931/60/514
f 933/65/10 934/56/8 935/64/8
f 934/56/8 936/58/10 935/64/8
f 937/59/518 938/58/567 939/57/517
f 938/58/567 940/56/517 939/57/517
f 941/75/568 942/74/569 943/14/570
f 942/74/569 944/13/569 943/14/570
f 945/57/571 946/59/571 947/65/572
f 946/59/571 948/64/572 947/65/572
f 949/60/573 950/61/573 951/62/573
f 950/61/573 952/63/573 951/62/573
f 953/64/574 954/58/574 955/65/574
f 954/58/574 956/56/574 955/65/574
f 957/57/575 958/56/576 959/59/576
f 958/56/576 960/58/576 959/59/576
f 961/57/577 962/59/577 963/65/578
f 962/59/577 964/64/578 963/65/578
f 965/60/579 966/61/579 967/62/579
f 966/61/579 968/63/579 967/62/579
f 969/64/580 970/58/580 971/65/580
f 970/58/580 972/56/580 971/65/580
f 973/57/581 974/56/581 975/59/581
f 974/56/581 976/58/581 975/59/581
f 977/57/582 978/59/583 979/56/584
f 978/59/583 980/58/582 979/56/584
f 981/61/585 982/63/585 983/60/586
f 982/63/585 984/62/585 983/60/586
f 985/64/587 986/58/588 987/65/587
f 986/58/588 988/56/588 987/65/587
f 989/56/589 990/58/589 991/65/590
f 990/58/589 992/64/589 991/65/590
f 993/59/591 994/57/592 995/58/591
f 994/57/592 996/56/591 995/58/591
f 997/57/593 998/65/594 999/59/593
f 998/65/594 1000/64/594 999/59/593
f 1001/60/595 1002/62/595 1003/61/595
f 1002/62/595 1004/63/595 1003/61/595
f 1005/64/596 1006/65/596 1007/58/596
f 1006/65/596 1008/56/596 1007/58/596
f 1009/58/597 1010/56/597 1011/59/597
f 1010/56/597 1012/57/597 1011/59/597
f 1013/58/598 1014/59/599 1015/56/600
f 1014/59/599 1016/57/599 1015/56/600
f 1017/62/601 1018/63/602 1019/60/602
f 1018/63/602 1020/61/601 1019/60/602
f 1021/64/603 1022/65/603 1023/58/604
f 1022/65/603 1024/56/604 1023/58/604
f 1025/64/605 1026/58/606 1027/65/605
f 1026/58/606 1028/56/606 1027/65/605
f 1029/59/607 1030/58/607 1031/57/607
f 1030/58/607 1032/56/608 1031/57/607
f 1033/58/609 1034/59/609 1035/56/609
f 1034/59/609 1036/57/610 1035/56/609
f 1037/62/611 1038/63/612 1039/60/612
f 1038/63/612 1040/61/611 1039/60/612
f 1041/64/613 1042/65/613 1043/58/614
f 1042/65/613 1044/56/614 1043/58/614
f 1045/64/615 1046/58/615 1047/65/615
f 1046/58/615 1048/56/615 1047/65/615
f 1049/59/616 1050/58/616 1051/57/616
f 1050/58/616 1052/56/617 1051/57/616
f 1053/57/618 1054/65/619 1055/59/618
f 1054/65/619 1056/64/619 1055/59/618
f 1057/60/611 1058/62/611 1059/61/611
f 1058/62/611 1060/63/611 1059/61/611
f 1061/64/620 1062/65/620 1063/58/620
f 1062/65/620 1064/56/620 1063/58/620
f 1065/58/621 1066/56/622 1067/59/622
f 1066/56/622 1068/57/622 1067/59/622
f 1069/57/623 1070/59/624 1071/56/623
f 1070/59/624 1072/58/624 1071/56/623
f 1073/61/573 1074/63/625 1075/60/625
f 1074/63/625 1076/62/573 1075/60/625
f 1077/64/626 1078/58/627 1079/65/626
f 1078/58/627 1080/56/627 1079/65/626
f 1081/56/628 1082/58/628 1083/65/628
f 1082/58/628 1084/64/629 1083/65/628
f 1085/59/630 1086/57/630 1087/58/630
f 1086/57/630 1088/56/630 1087/58/630
f 1089/56/631 1090/58/632 1091/57/633
f 1090/58/632 1092/59/632 1091/57/633
f 1093/60/8 1094/62/8 1095/61/8
f 1094/62/8 1096/63/8 1095/61/8
f 1097/64/49 1098/65/49 1099/58/49
f 1098/65/49 1100/56/49 1099/58/49
f 1101/65/50 1102/64/50 1103/56/50
f 1102/64/50 1104/58/50 1103/56/50
f 1105/59/634 1106/58/635 1107/57/635
f 1106/58/635 1108/56/636 1107/57/635
f 1109/8/15 1110/10/7 1111/7/7
f 1110/10/7 1112/11/7 1111/7/7
f 1113/56/634 1114/58/634 1115/57/636
f 1114/58/634 1116/59/634 1115/57/636
f 1117/60/8 1118/62/8 1119/61/8
f 1118/62/8 1120/63/8 1119/61/8
f 1121/64/50 1122/65/50 1123/58/50
f 1122/65/50 1124/56/50 1123/58/50
f 1125/65/49 1126/64/49 1127/56/49
f 1126/64/49 1128/58/49 1127/56/49
f 1129/59/633 1130/58/633 1131/57/633
f 1130/58/633 1132/56/632 1131/57/633
f 1133/8/7 1134/10/7 1135/7/7
f 1134/10/7 1136/11/7 1135/7/7
f 1137/56/637 1138/58/637 1139/57/637
f 1138/58/637 1140/59/638 1139/57/637
f 1141/60/8 1142/62/8 1143/61/8
f 1142/62/8 1144/63/8 1143/61/8
f 1145/64/48 1146/65/48 1147/58/48
f 1146/65/48 1148/56/48 1147/58/48
f 1149/65/51 1150/64/51 1151/56/51
f 1150/64/51 1152/58/51 1151/56/51
f 1153/59/639 1154/58/640 1155/57/639
f 1154/58/640 1156/56/639 1155/57/639
f 1157/8/7 1158/10/7 1159/7/7
f 1158/10/7 1160/11/7 1159/7/7
f 1161/56/639 1162/58/641 1163/57/641
f 1162/58/641 1164/59/641 1163/57/641
f 1165/60/8 1166/62/8 1167/61/8
f 1166/62/8 1168/63/8 1167/61/8
f 1169/64/51 1170/65/51 1171/58/51
f 1170/65/51 1172/56/51 1171/58/51
f 1173/65/48 1174/64/48 1175/56/48
f 1174/64/48 1176/58/48 1175/56/48
f 1177/59/637 1178/58/637 1179/57/637
f 1178/58/637 1180/56/642 1179/57/637
f 1181/8/7 1182/10/7 1183/7/7
f 1182/10/7 1184/11/7 1183/7/7
f 1185/38/643 1186/34/643 1187/39/644
f 1186/34/643 1188/35/644 1187/39/644
f 1189/38/645 1190/39/646 1191/34/645
f 1190/39/646 1192/35/646 1191/34/645
f 1193/38/647 1194/39/645 1195/34/647
f 1194/39/645 1196/35/645 1195/34/647
f 1197/39/648 1198/38/647 1199/35/648
f 1198/38/647 1200/34/647 1199/35/648
f 1201/38/649 1202/34/649 1203/39/650
f 1202/34/649 1204/35/650 1203/39/650
f 1205/38/651 1206/39/648 1207/34/651
f 1206/39/648 1208/35/648 1207/34/651
f 1209/38/652 1210/39/653 1211/34/652
f 1210/39/653 1212/35/653 1211/34/652
f 1213/39/654 1214/38/645 1215/35/654
f 1214/38/645 1216/34/645 1215/35/654
f 1217/38/109 1218/34/108 1219/39/118
f 1218/34/108 1220/35/106 1219/39/118
f 1221/38/121 1222/39/120 1223/34/119
f 1222/39/120 1224/35/118 1223/34/119
f 1225/38/655 1226/39/116 1227/34/115
f 1226/39/116 1228/35/114 1227/34/115
f 1229/39/113 1230/38/112 1231/35/111
f 1230/38/112 1232/34/110 1231/35/111
f 1233/76/656 1234/77/657 1235/78/656
f 1234/77/657 1236/79/658 1235/78/656
f 1237/76/659 1238/78/660 1239/77/661
f 1238/78/660 1240/79/661 1239/77/661
f 1241/77/662 1242/76/663 1243/79/662
f 1242/76/663 1244/78/663 1243/79/662
f 1245/77/664 1246/79/664 1247/76/665
f 1246/79/664 1248/78/665 1247/76/665
f 1249/76/666 1250/77/657 1251/78/667
f 1250/77/657 1252/79/658 1251/78/667
f 1253/76/668 1254/78/668 1255/77/669
f 1254/78/668 1256/79/661 1255/77/669
f 1257/77/670 1258/76/663 1259/79/670
f 1258/76/663 1260/78/663 1259/79/670
f 1261/77/666 1262/79/666 1263/76/671
f 1262/79/666 1264/78/665 1263/76/671
f 1265/76/666 1266/77/672 1267/78/666
f 1266/77/672 1268/79/672 1267/78/666
f 1269/76/668 1270/78/668 1271/77/657
f 1270/78/668 1272/79/669 1271/77/657
f 1273/77/670 1274/76/663 1275/79/670
f 1274/76/663 1276/78/663 1275/79/670
f 1277/77/673 1278/79/674 1279/76/665
f 1278/79/674 1280/78/665 1279/76/665
f 1281/76/666 1282/77/672 1283/78/666
f 1282/77/672 1284/79/672 1283/78/666
f 1285/76/668 1286/78/668 1287/77/657
f 1286/78/668 1288/79/669 1287/77/657
f 1289/77/670 1290/76/663 1291/79/670
f 1290/76/663 1292/78/663 1291/79/670
f 1293/77/673 1294/79/673 1295/76/665
f 1294/79/673 1296/78/665 1295/76/665
f 1297/76/666 1298/77/672 1299/78/666
f 1298/77/672 1300/79/672 1299/78/666
f 1301/76/668 1302/78/668 1303/77/669
f 1302/78/668 1304/79/669 1303/77/669
f 1305/77/670 1306/76/663 1307/79/670
f 1306/76/663 1308/78/663 1307/79/670
f 1309/77/673 1310/79/673 1311/76/665
f 1310/79/673 1312/78/665 1311/76/665
f 1313/76/666 1314/77/672 1315/78/666
f 1314/77/672 1316/79/672 1315/78/666
f 1317/76/668 1318/78/668 1319/77/657
f 1318/78/668 1320/79/669 1319/77/657
f 1321/77/670 1322/76/663 1323/79/670
f 1322/76/663 1324/78/663 1323/79/670
f 1325/77/673 1326/79/673 1327/76/665
f 1326/79/673 1328/78/665 1327/76/665
f 1329/76/666 1330/77/672 1331/78/666
f 1330/77/672 1332/79/672 1331/78/666
f 1333/76/668 1334/78/668 1335/77/669
f 1334/78/668 1336/79/657 1335/77/669
f 1337/77/670 1338/76/663 1339/79/670
f 1338/76/663 1340/78/663 1339/79/670
f 1341/77/673 1342/79/673 1343/76/665
f 1342/79/673 1344/78/665 1343/76/665
f 1345/76/675 1346/77/676 1347/78/677
f 1346/77/676 1348/79/678 1347/78/677
f 1349/76/679 1350/78/680 1351/77/681
f 1350/78/680 1352/79/682 1351/77/681
f 1353/77/683 1354/76/684 1355/79/685
f 1354/76/684 1356/78/686 1355/79/685
f 1357/77/664 1358/79/687 1359/76/688
f 1358/79/687 1360/78/689 1359/76/688
f 1361/76/690 1362/77/691 1363/78/690
f 1362/77/691 1364/79/692 1363/78/690
f 1365/76/693 1366/78/693 1367/77/694
f 1366/78/693 1368/79/694 1367/77/694
f 1369/77/695 1370/76/696 1371/79/695
f 1370/76/696 1372/78/696 1371/79/695
f 1373/77/690 1374/79/697 1375/76/698
f 1374/79/697 1376/78/698 1375/76/698
f 1377/44/123 1378/45/124 1379/46/125
f 1378/45/124 1380/47/126 1379/46/125
f 1381/45/127 1382/47/125 1383/44/128
f 1382/47/125 1384/46/129 1383/44/128
f 1385/45/130 1386/44/131 1387/47/132
f 1386/44/131 1388/46/133 1387/47/132
f 1389/45/124 1390/44/134 1391/47/135
f 1390/44/134 1392/46/136 1391/47/135
f 1393/40/134 1394/41/137 1395/42/138
f 1394/41/137 1396/43/123 1395/42/138
f 1397/40/122 1398/41/122 1399/42/122
f 1398/41/122 1400/43/122 1399/42/122
f 1401/48/699 1402/49/700 1403/50/701
f 1402/49/700 1404/51/702 1403/50/701
f 1405/52/703 1406/53/45 1407/54/704
f 1406/53/45 1408/55/705 1407/54/704
f 1409/52/700 1410/54/706 1411/53/702
f 1410/54/706 1412/55/707 1411/53/702
f 1413/54/708 1414/55/701 1415/52/709
f 1414/55/701 1416/53/710 1415/52/709
f 1417/54/711 1418/52/709 1419/55/44
f 1418/52/709 1420/53/710 1419/55/44
f 1421/48/712 1422/49/713 1423/50/714
f 1422/49/713 1424/51/715 1423/50/714
f 1425/52/716 1426/53/37 1427/54/717
f 1426/53/37 1428/55/718 1427/54/717
f 1429/52/713 1430/54/717 1431/53/719
f 1430/54/717 1432/55/720 1431/53/719
f 1433/54/721 1434/55/722 1435/52/723
f 1434/55/722 1436/53/724 1435/52/723
f 1437/54/716 1438/52/725 1439/55/38
f 1438/52/725 1440/53/724 1439/55/38
f 1441/80/8 1442/81/8 1443/82/8
f 1442/81/8 1444/83/8 1443/82/8
f 1443/82/8 1444/83/8 1445/84/8
f 1444/83/8 1446/85/8 1445/84/8
f 1444/83/8 1447/86/8 1446/85/8
f 1446/85/8 1447/86/8 1448/87/8
f 1449/88/33 1450/89/33 1451/90/48
f 1452/91/48 1449/88/33 1451/90/48
f 1452/91/48 1451/90/48 1453/92/40
f 1454/93/726 1452/91/48 1453/92/40
f 1454/93/726 1453/92/40 1455/94/50
f 1456/95/50 1454/93/726 1455/94/50
f 1456/95/50 1455/94/50 1457/96/727
f 1458/97/728 1456/95/50 1457/96/727
f 1458/97/728 1457/96/727 1459/98/51
f 1460/99/51 1458/97/728 1459/98/51
f 1460/99/51 1459/98/51 1461/100/44
f 1462/101/44 1460/99/51 1461/100/44
f 1462/101/44 1461/100/44 1463/102/49
f 1464/103/49 1462/101/44 1463/102/49
f 1464/103/49 1463/102/49 1465/104/729
f 1466/105/729 1464/103/49 1465/104/729
f 1467/88/63 1468/89/63 1469/90/48
f 1470/91/48 1467/88/63 1469/90/48
f 1470/91/48 1469/90/48 1471/92/38
f 1472/93/726 1470/91/48 1471/92/38
f 1472/93/726 1471/92/38 1473/94/50
f 1474/95/50 1472/93/726 1473/94/50
f 1474/95/50 1473/94/50 1475/96/47
f 1476/97/47 1474/95/50 1475/96/47
f 1476/97/47 1475/96/47 1477/98/51
f 1478/99/51 1476/97/47 1477/98/51
f 1478/99/51 1477/98/51 1479/100/44
f 1480/101/45 1478/99/51 1479/100/44
f 1480/101/45 1479/100/44 1481/102/49
f 1482/103/49 1480/101/45 1481/102/49
f 1482/103/49 1481/102/49 1483/104/35
f 1484/105/730 1482/103/49 1483/104/35
f 1485/106/731 1486/107/731 1487/108/731
f 1488/109/732 1485/106/731 1487/108/731
f 1488/109/732 1487/108/731 1489/110/731
f 1490/111/732 1488/109/732 1489/110/731
f 1491/111/733 1492/110/734 1493/109/733
f 1492/110/734 1494/108/733 1493/109/733
f 1493/109/733 1494/108/733 1495/106/735
f 1494/108/733 1496/107/736 1495/106/735
f 1497/107/737 1498/106/738 1499/109/737
f 1500/108/737 1497/107/737 1499/109/737
f 1500/108/737 1499/109/737 1501/111/737
f 1502/110/739 1500/108/737 1501/111/737
f 1503/107/740 1504/106/741 1505/109/740
f 1506/108/740 1503/107/740 1505/109/740
f 1506/108/740 1505/109/740 1507/111/740
f 1508/110/742 1506/108/740 1507/111/740
f 1509/106/743 1510/107/743 1511/108/743
f 1512/109/743 1509/106/743 1511/108/743
f 1512/109/743 1511/108/743 1513/110/744
f 1514/111/744 1512/109/743 1513/110/744
f 1515/111/745 1516/110/746 1517/109/745
f 1516/110/746 1518/108/745 1517/109/745
f 1517/109/745 1518/108/745 1519/106/745
f 1518/108/745 1520/107/745 1519/106/745
f 1521/111/747 1522/110/748 1523/109/749
f 1522/110/748 1524/108/749 1523/109/749
f 1523/109/749 1524/108/749 1525/106/749
f 1524/108/749 1526/107/750 1525/106/749
f 1527/106/751 1528/107/751 1529/108/751
f 1530/109/751 1527/106/751 1529/108/751
f 1530/109/751 1529/108/751 1531/110/752
f 1532/111/751 1530/109/751 1531/110/752
f 1533/107/753 1534/106/753 1535/109/753
f 1536/108/753 1533/107/753 1535/109/753
f 1536/108/753 1535/109/753 1537/111/753
f 1538/110/753 1536/108/753 1537/111/753
f 1539/107/754 1540/106/754 1541/109/754
f 1542/108/754 1539/107/754 1541/109/754
f 1542/108/754 1541/109/754 1543/111/754
f 1544/110/754 1542/108/754 1543/111/754
f 1545/111/755 1546/110/756 1547/109/756
f 1546/110/756 1548/108/756 1547/109/756
f 1547/109/756 1548/108/756 1549/106/757
f 1548/108/756 1550/107/757 1549/106/757
f 1551/106/758 1552/107/758 1553/108/758
f 1554/109/759 1551/106/758 1553/108/758
f 1554/109/759 1553/108/758 1555/110/760
f 1556/111/759 1554/109/759 1555/110/760
f 1557/112/761 1558/113/761 1559/114/761
f 1560/115/761 1557/112/761 1559/114/761
f 1560/115/761 1559/114/761 1561/116/762
f 1562/117/761 1560/115/761 1561/116/762
f 1563/112/763 1564/113/763 1565/114/763
f 1566/115/764 1563/112/763 1565/114/763
f 1566/115/764 1565/114/763 1567/116/764
f 1568/117/763 1566/115/764 1567/116/764
f 1569/112/765 1570/113/765 1571/114/765
f 1572/115/766 1569/112/765 1571/114/765
f 1572/115/766 1571/114/765 1573/116/766
f 1574/117/765 1572/115/766 1573/116/766
f 1575/112/767 1576/113/767 1577/114/767
f 1578/115/767 1575/112/767 1577/114/767
f 1578/115/767 1577/114/767 1579/116/768
f 1580/117/767 1578/115/767 1579/116/768
f 1581/15/769 1582/13/770 1583/14/770
f 1582/13/770 1584/74/770 1583/14/770
f 1583/14/770 1584/74/770 1585/75/770
f 1586/15/771 1587/13/771 1588/14/771
f 1587/13/771 1589/74/771 1588/14/771
f 1588/14/771 1589/74/771 1590/75/772
f 1591/112/773 1592/113/774 1593/114/775
f 1594/115/773 1591/112/773 1593/114/775
f 1594/115/773 1593/114/775 1595/116/776
f 1596/117/777 1594/115/773 1595/116/776
f 1597/112/778 1598/113/779 1599/114/778
f 1600/115/778 1597/112/778 1599/114/778
f 1600/115/778 1599/114/778 1601/116/780
f 1602/117/780 1600/115/778 1601/116/780
f 1603/112/781 1604/113/782 1605/114/782
f 1606/115/782 1603/112/781 1605/114/782
f 1606/115/782 1605/114/782 1607/116/782
f 1608/117/782 1606/115/782 1607/116/782
f 1609/112/783 1610/113/770 1611/114/784
f 1612/115/783 1609/112/783 1611/114/784
f 1612/115/783 1611/114/784 1613/116/784
f 1614/117/783 1612/115/783 1613/116/784
f 1615/116/51 1616/117/51 1617/114/51
f 1616/117/51 1618/115/51 1617/114/51
f 1617/114/51 1618/115/51 1619/113/51
f 1618/115/51 1620/112/51 1619/113/51
f 1621/116/48 1622/117/48 1623/114/48
f 1622/117/48 1624/115/48 1623/114/48
f 1623/114/48 1624/115/48 1625/113/48
f 1624/115/48 1626/112/48 1625/113/48
f 1627/116/49 1628/117/49 1629/114/49
f 1628/117/49 1630/115/49 1629/114/49
f 1629/114/49 1630/115/49 1631/113/49
f 1630/115/49 1632/112/49 1631/113/49
f 1633/116/50 1634/117/50 1635/114/50
f 1634/117/50 1636/115/50 1635/114/50
f 1635/114/50 1636/115/50 1637/113/50
f 1636/115/50 1638/112/50 1637/113/50
f 1639/80/7 1640/82/7 1641/81/7
f 1640/82/7 1642/83/7 1641/81/7
f 1640/82/7 1643/84/7 1642/83/7
f 1643/84/7 1644/85/7 1642/83/7
f 1642/83/7 1644/85/7 1645/86/7
f 1644/85/7 1646/87/7 1645/86/7
f 1647/80/7 1648/82/7 1649/81/7
f 1648/82/7 1650/83/7 1649/81/7
f 1648/82/7 1651/84/7 1650/83/7
f 1651/84/7 1652/85/7 1650/83/7
f 1650/83/7 1652/85/7 1653/86/7
f 1652/85/7 1654/87/7 1653/86/7
f 1655/118/785 1656/119/786 1657/120/787
f 1655/118/785 1658/121/788 1656/119/786
f 1656/119/786 1658/121/788 1659/122/789
f 1658/121/788 1660/123/790 1659/122/789
f 1659/122/789 1660/123/790 1661/124/791
f 1660/123/790 1662/125/792 1661/124/791
f 1661/124/791 1662/125/792 1663/46/793
f 1662/125/792 1664/47/794 1663/46/793
f 1665/126/795 1666/121/796 1667/127/797
f 1665/126/795 1668/119/798 1666/121/796
f 1666/121/796 1668/119/798 1669/123/799
f 1668/119/798 1670/122/800 1669/123/799
f 1669/123/799 1670/122/800 1671/125/801
f 1670/122/800 1672/124/802 1671/125/801
f 1671/125/801 1672/124/802 1673/47/803
f 1672/124/802 1674/46/804 1673/47/803
f 1675/127/805 1676/119/806 1677/120/807
f 1675/127/805 1678/121/808 1676/119/806
f 1676/119/806 1678/121/808 1679/122/790
f 1678/121/808 1680/123/809 1679/122/790
f 1679/122/790 1680/123/809 1681/125/801
f 1679/122/790 1681/125/801 1682/124/792
f 1681/125/801 1683/46/794 1682/124/792
f 1681/125/801 1684/47/810 1683/46/794
f 1685/128/241 1686/129/236 1687/130/811
f 1686/129/236 1688/131/233 1687/130/811
f 1686/129/236 1689/132/237 1688/131/233
f 1690/128/812 1691/129/248 1692/130/244
f 1691/129/248 1693/131/245 1692/130/244
f 1691/129/248 1694/132/813 1693/131/245
f 1695/111/814 1696/108/814 1697/110/815
f 1695/111/814 1698/109/814 1696/108/814
f 1696/108/814 1698/109/814 1699/107/814
f 1698/109/814 1700/106/814 1699/107/814
f 1701/111/816 1702/108/816 1703/110/817
f 1701/111/816 1704/109/816 1702/108/816
f 1702/108/816 1704/109/816 1705/107/816
f 1704/109/816 1706/106/816 1705/107/816
f 1707/111/818 1708/108/818 1709/110/819
f 1707/111/818 1710/109/819 1708/108/818
f 1708/108/818 1710/109/819 1711/107/818
f 1710/109/819 1712/106/819 1711/107/818
f 1713/111/820 1714/108/820 1715/110/821
f 1713/111/820 1716/109/820 1714/108/820
f 1714/108/820 1716/109/820 1717/107/820
f 1716/109/820 1718/106/820 1717/107/820
f 1719/116/822 1720/115/822 1721/117/763
f 1719/116/822 1722/114/763 1720/115/822
f 1720/115/822 1722/114/763 1723/112/822
f 1722/114/763 1724/113/763 1723/112/822
f 1725/116/823 1726/115/761 1727/117/823
f 1725/116/823 1728/114/761 1726/115/761
f 1726/115/761 1728/114/761 1729/112/761
f 1728/114/761 1730/113/761 1729/112/761
f 1731/116/824 1732/115/767 1733/117/767
f 1731/116/824 1734/114/767 1732/115/767
f 1732/115/767 1734/114/767 1735/112/767
f 1734/114/767 1736/113/767 1735/112/767
f 1737/116/825 1738/115/825 1739/117/765
f 1737/116/825 1740/114/765 1738/115/825
f 1738/115/825 1740/114/765 1741/112/765
f 1740/114/765 1742/113/765 1741/112/765
f 1743/74/826 1744/14/826 1745/75/826
f 1743/74/826 1746/13/826 1744/14/826
f 1744/14/826 1746/13/826 1747/15/827
f 1748/74/828 1749/14/828 1750/75/828
f 1748/74/828 1751/13/828 1749/14/828
f 1749/14/828 1751/13/828 1752/15/828
f 1753/116/829 1754/115/830 1755/117/830
f 1753/116/829 1756/114/830 1754/115/830
f 1754/115/830 1756/114/830 1757/112/830
f 1756/114/830 1758/113/831 1757/112/830
f 1759/75/832 1760/14/832 1761/74/832
f 1760/14/832 1762/13/832 1761/74/832
f 1760/14/832 1763/15/832 1762/13/832
f 1764/15/833 1765/14/833 1766/13/833
f 1765/14/833 1767/74/833 1766/13/833
f 1765/14/833 1768/75/834 1767/74/833
f 1769/116/835 1770/115/836 1771/117/837
f 1769/116/835 1772/114/838 1770/115/836
f 1770/115/836 1772/114/838 1773/112/837
f 1772/114/838 1774/113/838 1773/112/837
f 1775/116/839 1776/115/840 1777/117/841
f 1775/116/839 1778/114/842 1776/115/840
f 1776/115/840 1778/114/842 1779/112/843
f 1778/114/842 1780/113/843 1779/112/843
f 1781/75/781 1782/14/781 1783/74/781
f 1782/14/781 1784/13/781 1783/74/781
f 1782/14/781 1785/15/782 1784/13/781
f 1786/15/841 1787/14/841 1788/13/841
f 1787/14/841 1789/74/841 1788/13/841
f 1787/14/841 1790/75/841 1789/74/841
f 1791/116/844 1792/115/845 1793/117/846
f 1791/116/844 1794/114/827 1792/115/845
f 1792/115/845 1794/114/827 1795/112/827
f 1794/114/827 1796/113/827 1795/112/827
f 1797/118/785 1798/119/786 1799/120/787
f 1797/118/785 1800/121/788 1798/119/786
f 1798/119/786 1800/121/788 1801/122/789
f 1800/121/788 1802/123/790 1801/122/789
f 1801/122/789 1802/123/790 1803/124/791
f 1802/123/790 1804/125/792 1803/124/791
f 1803/124/791 1804/125/792 1805/46/793
f 1804/125/792 1806/47/794 1805/46/793
f 1807/126/795 1808/121/796 1809/127/797
f 1807/126/795 1810/119/798 1808/121/796
f 1808/121/796 1810/119/798 1811/123/809
f 1810/119/798 1812/122/800 1811/123/809
f 1811/123/809 1812/122/800 1813/125/801
f 1812/122/800 1814/124/802 1813/125/801
f 1813/125/801 1814/124/802 1815/47/803
f 1814/124/802 1816/46/804 1815/47/803
f 1817/127/805 1818/119/806 1819/120/807
f 1817/127/805 1820/121/808 1818/119/806
f 1818/119/806 1820/121/808 1821/122/790
f 1820/121/808 1822/123/809 1821/122/790
f 1821/122/790 1822/123/809 1823/125/801
f 1821/122/790 1823/125/801 1824/124/792
f 1823/125/801 1825/46/794 1824/124/792
f 1823/125/801 1826/47/810 1825/46/794
f 1827/128/709 1828/129/847 1829/130/699
f 1828/129/847 1830/131/700 1829/130/699
f 1828/129/847 1831/132/706 1830/131/700
f 1832/128/848 1833/129/849 1834/130/850
f 1833/129/849 1835/131/713 1834/130/850
f 1833/129/849 1836/132/851 1835/131/713
f 1837/120/852 1838/121/853 1839/127/854
f 1837/120/852 1840/119/855 1838/121/853
f 1838/121/853 1840/119/855 1841/122/789
f 1838/121/853 1841/122/789 1842/123/856
f 1841/122/789 1843/125/802 1842/123/856
f 1841/122/789 1844/124/791 1843/125/802
f 1843/125/802 1844/124/791 1845/46/857
f 1843/125/802 1845/46/857 1846/47/858
f 1847/116/48 1848/114/48 1849/117/48
f 1848/114/48 1850/115/48 1849/117/48
f 1848/114/48 1851/112/48 1850/115/48
f 1848/114/48 1852/113/48 1851/112/48
f 1853/116/51 1854/114/51 1855/117/51
f 1854/114/51 1856/115/51 1855/117/51
f 1854/114/51 1857/112/51 1856/115/51
f 1854/114/51 1858/113/51 1857/112/51
f 1859/116/50 1860/114/50 1861/117/50
f 1860/114/50 1862/115/50 1861/117/50
f 1860/114/50 1863/112/50 1862/115/50
f 1860/114/50 1864/113/50 1863/112/50
f 1865/116/49 1866/114/49 1867/117/49
f 1866/114/49 1868/115/49 1867/117/49
f 1866/114/49 1869/112/49 1868/115/49
f 1866/114/49 1870/113/49 1869/112/49
f 1871/120/859 1872/121/853 1873/127/854
f 1871/120/859 1874/119/855 1872/121/853
f 1872/121/853 1874/119/855 1875/122/789
f 1872/121/853 1875/122/789 1876/123/856
f 1875/122/789 1877/125/802 1876/123/856
f 1875/122/789 1878/124/791 1877/125/802
f 1877/125/802 1878/124/791 1879/46/857
f 1877/125/802 1879/46/857 1880/47/858
f 1881/133/59 1882/134/49 1883/135/860
f 1884/136/861 1881/133/59 1883/135/860
f 1885/137/862 1881/133/59 1884/136/861
f 1884/136/861 1883/135/860 1886/138/863
f 1883/135/860 1887/139/864 1886/138/863
f 1886/138/863 1887/139/864 1888/140/865
f 1889/141/866 1885/137/862 1884/136/861
f 1889/141/866 1890/142/47 1885/137/862
f 1884/136/861 1886/138/863 1891/143/867
f 1889/141/866 1884/136/861 1891/143/867
f 1886/138/863 1888/140/865 1892/144/868
f 1886/138/863 1892/144/868 1891/143/867
f 1888/140/865 1893/145/869 1892/144/868
f 1894/146/870 1890/142/47 1889/141/866
f 1894/146/870 1895/147/871 1890/142/47
f 1893/145/869 1896/148/872 1897/149/873
f 1898/150/874 1895/147/871 1894/146/870
f 1898/150/874 1899/151/38 1895/147/871
f 1893/145/869 1897/149/873 1900/152/875
f 1892/144/868 1893/145/869 1900/152/875
f 1900/152/875 1897/149/873 1901/153/876
f 1892/144/868 1900/152/875 1902/154/877
f 1891/143/867 1892/144/868 1902/154/877
f 1900/152/875 1901/153/876 1903/155/878
f 1902/154/877 1900/152/875 1903/155/878
f 1903/155/878 1901/153/876 1904/156/879
f 1891/143/867 1902/154/877 1905/157/880
f 1902/154/877 1903/155/878 1905/157/880
f 1903/155/878 1904/156/879 1906/158/881
f 1905/157/880 1903/155/878 1906/158/881
f 1906/158/881 1904/156/879 1907/159/882
f 1908/160/883 1891/143/867 1905/157/880
f 1908/160/883 1889/141/866 1891/143/867
f 1908/160/883 1894/146/870 1889/141/866
f 1909/161/884 1905/157/880 1906/158/881
f 1909/161/884 1908/160/883 1905/157/880
f 1910/162/885 1894/146/870 1908/160/883
f 1909/161/884 1910/162/885 1908/160/883
f 1910/162/885 1898/150/874 1894/146/870
f 1909/161/884 1906/158/881 1911/163/886
f 1906/158/881 1907/159/882 1911/163/886
f 1910/162/885 1912/164/887 1898/150/874
f 1912/164/887 1899/151/38 1898/150/874
f 1912/164/887 1913/165/888 1899/151/38
f 1914/166/889 1911/163/886 1907/159/882
f 1909/161/884 1911/163/886 1914/166/889
f 1914/166/889 1907/159/882 1915/167/890
f 1912/164/887 1916/168/891 1913/165/888
f 1916/168/891 1917/169/63 1913/165/888
f 1918/170/892 1912/164/887 1910/162/885
f 1918/170/892 1916/168/891 1912/164/887
f 1909/161/884 1918/170/892 1910/162/885
f 1916/168/891 1919/171/893 1917/169/63
f 1917/169/63 1919/171/893 1920/172/894
f 1919/171/893 1921/173/860 1920/172/894
f 1909/161/884 1922/174/895 1918/170/892
f 1909/161/884 1914/166/889 1922/174/895
f 1918/170/892 1923/175/896 1916/168/891
f 1916/168/891 1923/175/896 1919/171/893
f 1918/170/892 1922/174/895 1923/175/896
f 1919/171/893 1924/176/897 1921/173/860
f 1919/171/893 1923/175/896 1924/176/897
f 1921/173/860 1924/176/897 1925/177/864
f 1924/176/897 1926/178/865 1925/177/864
f 1924/176/897 1927/179/898 1926/178/865
f 1923/175/896 1927/179/898 1924/176/897
f 1927/179/898 1928/180/869 1926/178/865
f 1923/175/896 1929/181/899 1927/179/898
f 1923/175/896 1922/174/895 1929/181/899
f 1927/179/898 1930/182/900 1928/180/869
f 1929/181/899 1930/182/900 1927/179/898
f 1928/180/869 1931/183/901 1932/184/872
f 1930/182/900 1931/183/901 1928/180/869
f 1930/182/900 1933/185/902 1931/183/901
f 1922/174/895 1934/186/903 1929/181/899
f 1929/181/899 1934/186/903 1930/182/900
f 1934/186/903 1933/185/902 1930/182/900
f 1922/174/895 1914/166/889 1934/186/903
f 1934/186/903 1915/167/890 1933/185/902
f 1914/166/889 1915/167/890 1934/186/903
f 1935/187/7 1936/188/7 1937/189/7
f 1935/187/7 1938/190/7 1936/188/7
f 1936/188/7 1939/191/7 1937/189/7
f 1936/188/7 1938/190/7 1939/191/7
f 1940/192/64 1941/193/7 1942/194/56
f 1940/192/64 1943/195/58 1941/193/7
f 1941/193/7 1944/196/904 1942/194/56
f 1943/195/58 1944/196/904 1941/193/7
f 1945/192/64 1946/193/7 1947/194/53
f 1945/192/64 1948/195/905 1946/193/7
f 1946/193/7 1949/196/906 1947/194/53
f 1948/195/905 1949/196/906 1946/193/7
f 1950/192/69 1951/193/7 1952/194/907
f 1950/192/69 1953/195/70 1951/193/7
f 1951/193/7 1954/196/73 1952/194/907
f 1953/195/70 1954/196/73 1951/193/7
f 1955/192/66 1956/193/7 1957/194/74
f 1955/192/66 1958/195/72 1956/193/7
f 1956/193/7 1959/196/73 1957/194/74
f 1958/195/72 1959/196/73 1956/193/7
o pCylinder182__WaterTankCylinder
v 14.388242 0.114290 89.274162
v 13.684021 4.794431 89.274162
v 13.684021 -4.566006 89.274162
v 11.640347 -8.788074 89.274162
v 11.640347 9.016576 89.274162
v 8.457209 -12.138682 89.274162
v 8.457209 12.367225 89.274162
v 4.446208 -14.289985 89.274162
v 4.446208 14.518450 89.274162
v 0.000007 -15.031335 89.274162
v 0.000007 15.259761 89.274162
v -4.446195 14.518450 89.274162
v -4.446195 -14.289985 89.274162
v -8.457191 -12.138682 89.274162
v -8.457191 12.367225 89.274162
v -11.640329 -8.788074 89.274162
v -11.640329 9.016576 89.274162
v -13.684003 -4.566006 89.274162
v -13.684003 4.794431 89.274162
v -14.388224 0.114290 89.274162
v 13.484418 -4.497715 55.752811
v 14.178368 0.114290 55.752811
v 14.849956 0.114290 59.650829
v 14.123178 -4.716113 59.650829
v 11.470510 -8.658159 55.752811
v 12.782718 -4.257652 60.713043
v 13.440546 0.114290 60.713043
v 15.876523 0.114290 87.707573
v 12.013850 -9.073753 59.650829
v 8.333841 -11.959895 55.752811
v 10.873648 -8.201675 60.713043
v 15.099477 -5.050085 87.707573
v 13.684021 -4.566006 89.274162
v 14.388242 0.114290 89.274162
v 11.640347 -8.788074 89.274162
v 12.844382 -9.708870 87.707573
v 8.457209 -12.138682 89.274162
v 7.900147 -11.331638 60.713043
v 9.332000 -13.406124 87.707573
v 4.446208 -14.289985 89.274162
v 8.728624 -12.531876 59.650829
v 4.381331 -14.079843 55.752811
v 4.153322 -13.341167 60.713043
v 4.906141 -15.779933 87.707573
v 0.000007 -15.031335 89.274162
v 4.588838 -14.752166 59.650829
v 0.000009 -14.810380 55.752811
v -0.000029 -14.033644 60.713043
v 0.000007 -16.597828 87.707573
v -4.906128 -15.779933 87.707573
v -4.446195 -14.289985 89.274162
v -0.000029 -15.517236 59.650829
v -9.331982 -13.406124 87.707573
v -4.588858 -14.752166 59.650829
v -4.381312 -14.079843 55.752811
v -8.457191 -12.138682 89.274162
v -4.153341 -13.341167 60.713043
v -8.728604 -12.531876 59.650829
v -8.333823 -11.959895 55.752811
v -7.900128 -11.331638 60.713043
v -12.844364 -9.708870 87.707573
v -11.640329 -8.788074 89.274162
v -12.013830 -9.073753 59.650829
v -11.470492 -8.658159 55.752811
v -10.873629 -8.201675 60.713043
v -15.099459 -5.050085 87.707573
v -13.684003 -4.566006 89.274162
v -14.123159 -4.716113 59.650829
v -13.484362 -4.497715 55.752811
v -12.782660 -4.257652 60.713043
v -15.876505 0.114290 87.707573
v -14.388224 0.114290 89.274162
v -13.684003 4.794431 89.274162
v -14.849976 0.114290 59.650829
v -14.178350 0.114290 55.752811
v -13.484362 4.726140 55.752811
v -13.440526 0.114290 60.713043
v -12.782660 4.486155 60.713043
v -15.099459 5.278510 87.707573
v -11.640329 9.016576 89.274162
v -14.123159 4.944615 59.650829
v -11.470492 8.886700 55.752811
v -10.873629 8.430178 60.713043
v -12.844364 9.937411 87.707573
v -8.457191 12.367225 89.274162
v -12.013830 9.302256 59.650829
v -8.333823 12.188476 55.752811
v -7.900128 11.560103 60.713043
v -9.331982 13.634589 87.707573
v -4.446195 14.518450 89.274162
v -8.728604 12.760418 59.650829
v -4.381312 14.308347 55.752811
v -4.153341 13.569748 60.713043
v -4.906128 16.008436 87.707573
v 0.000007 15.259761 89.274162
v -4.588858 14.980747 59.650829
v 0.000009 15.038844 55.752811
v -0.000029 14.262186 60.713043
v 0.000007 16.826410 87.707573
v 4.906141 16.008436 87.707573
v 4.446208 14.518450 89.274162
v -0.000029 15.745817 59.650829
v 4.588838 14.980747 59.650829
v 4.381331 14.308347 55.752811
v 4.153322 13.569748 60.713043
v 9.332000 13.634589 87.707573
v 8.457209 12.367225 89.274162
v 8.728624 12.760418 59.650829
v 8.333841 12.188476 55.752811
v 7.900147 11.560103 60.713043
v 12.844382 9.937411 87.707573
v 11.640347 9.016576 89.274162
v 12.013850 9.302256 59.650829
v 11.470510 8.886700 55.752811
v 10.873648 8.430178 60.713043
v 15.099477 5.278510 87.707573
v 13.684021 4.794431 89.274162
v 14.123178 4.944615 59.650829
v 13.484418 4.726140 55.752811
v 14.388242 0.114290 89.274162
v 15.876523 0.114290 87.707573
v 14.849956 0.114290 59.650829
v 14.178368 0.114290 55.752811
v 12.782718 4.486155 60.713043
v 13.440546 0.114290 60.713043
v 8.457209 -12.138682 89.274162
v 13.684021 -4.566006 89.274162
v 13.684021 4.794431 89.274162
v 0.000007 15.259761 89.274162
v 0.000007 -15.031335 89.274162
v -8.457191 12.367225 89.274162
v -8.457191 -12.138682 89.274162
v -13.684003 -4.566006 89.274162
v -13.684003 4.794431 89.274162
v 14.849956 0.114290 59.650829
v 14.178368 0.114290 55.752811
v 13.484418 4.726140 55.752811
v 10.284077 11.622138 59.655884
v 11.470510 8.886700 55.752811
v 8.333841 12.188476 55.752811
v 13.364906 2.352656 60.718929
v 4.381331 14.308347 55.752811
v 9.858482 9.953580 60.719414
v 2.327353 15.659112 59.656616
v 0.000009 15.038844 55.752811
v -4.381312 14.308347 55.752811
v 2.127254 14.303505 60.720367
v 10.993260 12.416757 87.718170
v 15.876523 0.114290 87.707573
v 13.684021 4.794431 89.274162
v 13.684021 -4.566006 89.274162
v 0.000007 15.259761 89.274162
v 2.487742 16.731794 87.719139
v -8.457191 12.367225 89.274162
v -10.993247 12.416749 87.718170
v -13.684003 4.794431 89.274162
v -9.858492 9.953550 60.719414
v -15.876505 0.114290 87.707573
v -13.684003 -4.566006 89.274162
v -13.364891 2.352468 60.718933
v -10.284067 11.622128 59.655880
v -8.333823 12.188476 55.752811
v -11.470492 8.886700 55.752811
v -13.484362 4.726140 55.752811
v -14.849976 0.114290 59.650829
v -14.178350 0.114290 55.752811
v -13.484362 -4.497715 55.752811
v -12.267071 -6.032683 60.719074
v -10.284096 -11.393565 59.655891
v -11.470492 -8.658159 55.752811
v -8.333823 -11.959895 55.752811
v -4.381312 -14.079843 55.752811
v -10.993092 -12.188411 87.718155
v -8.457191 -12.138682 89.274162
v -6.491663 -12.446632 60.719799
v 2.327290 -15.430542 59.656609
v 0.000009 -14.810380 55.752811
v 4.381331 -14.079843 55.752811
v 2.487917 -16.503225 87.719139
v 0.000007 -15.031335 89.274162
v 8.457209 -12.138682 89.274162
v -0.000029 -14.033644 60.713043
v 6.491692 -12.446618 60.719807
v 10.993110 -12.188417 87.718155
v 13.684021 -4.566006 89.274162
v 15.876523 0.114290 87.707573
v 12.267153 -6.032580 60.719074
v 13.364906 2.352656 60.718929
v 14.849956 0.114290 59.650829
v 10.284105 -11.393577 59.655891
v 8.333841 -11.959895 55.752811
v 11.470510 -8.658159 55.752811
v 13.484418 -4.497715 55.752811
v 14.178368 0.114290 55.752811
v -15.413451 -2.417651 88.928749
v -8.457191 12.367225 89.274162
v -13.684003 4.794431 89.274162
v 0.000007 -15.031335 89.274162
v 0.000007 15.259761 89.274162
v 15.413460 2.646107 88.928749
v 13.684021 -4.566006 89.274162
v 14.206656 0.545030 60.188740
v 13.484418 -4.497715 55.752811
v 14.178368 0.114290 55.752811
v 10.284105 -11.393577 59.655891
v 11.470510 -8.658159 55.752811
v 8.333841 -11.959895 55.752811
v 4.381331 -14.079843 55.752811
v 12.267153 -6.032580 60.719074
v 15.413460 2.646107 88.928749
v 2.327290 -15.430542 59.656609
v 0.000009 -14.810380 55.752811
v -4.381312 -14.079843 55.752811
v 6.491692 -12.446618 60.719807
v 10.993110 -12.188417 87.718155
v 13.684021 -4.566006 89.274162
v 0.000007 -15.031335 89.274162
v 2.487917 -16.503225 87.719139
v -4.281207 -13.853574 60.739876
v -10.993092 -12.188411 87.718155
v -15.413451 -2.417651 88.928749
v -12.267071 -6.032683 60.719074
v -10.284096 -11.393565 59.655891
v -8.333823 -11.959895 55.752811
v -11.470492 -8.658159 55.752811
v -13.484362 -4.497715 55.752811
v -14.206662 0.544850 60.188732
v -14.178350 0.114290 55.752811
v -13.484362 4.726140 55.752811
v -10.993247 12.416749 87.718170
v -13.684003 4.794431 89.274162
v -8.457191 12.367225 89.274162
v -10.284067 11.622128 59.655880
v -11.470492 8.886700 55.752811
v -8.333823 12.188476 55.752811
v -4.381312 14.308347 55.752811
v -9.858492 9.953550 60.719414
v 2.487742 16.731794 87.719139
v 0.000007 15.259761 89.274162
v 2.127254 14.303505 60.720367
v 10.993260 12.416757 87.718170
v 15.413460 2.646107 88.928749
v 14.206656 0.545030 60.188740
v 9.858482 9.953580 60.719414
v 2.327353 15.659112 59.656616
v 0.000009 15.038844 55.752811
v 4.381331 14.308347 55.752811
v 10.284077 11.622138 59.655884
v 8.333841 12.188476 55.752811
v 11.470510 8.886700 55.752811
v 13.484418 4.726140 55.752811
v 14.178368 0.114290 55.752811
vn 0.5245 -0.0000 0.8514
vn 0.3795 0.1174 0.9177
vn 0.3795 -0.1173 0.9177
vn 0.3226 -0.2229 0.9199
vn 0.3226 0.2230 0.9199
vn 0.2346 -0.3072 0.9223
vn 0.2346 0.3072 0.9223
vn 0.1236 -0.3621 0.9239
vn 0.1236 0.3621 0.9239
vn -0.0000 -0.3820 0.9241
vn -0.0000 0.3820 0.9241
vn -0.1228 0.3621 0.9240
vn -0.1228 -0.3621 0.9240
vn -0.2342 -0.3072 0.9224
vn -0.2342 0.3072 0.9224
vn -0.3226 -0.2230 0.9199
vn -0.3226 0.2229 0.9199
vn -0.3792 -0.1174 0.9179
vn -0.3792 0.1174 0.9179
vn -0.5242 -0.0000 0.8516
vn 0.9413 -0.2916 -0.1702
vn 0.9854 -0.0000 -0.1702
vn 0.9320 -0.0000 0.3624
vn 0.8908 -0.2741 0.3624
vn 0.8105 -0.5598 -0.1726
vn 0.8751 -0.2704 0.4014
vn 0.9168 -0.0000 0.3993
vn 0.9457 -0.0000 0.3250
vn 0.7657 -0.5288 0.3662
vn 0.5982 -0.7818 -0.1759
vn 0.7531 -0.5184 0.4051
vn 0.9034 -0.2777 0.3266
vn 0.3796 -0.1174 0.9177
vn 0.3227 -0.2230 0.9199
vn 0.7772 -0.5365 0.3289
vn 0.5539 -0.7241 0.4109
vn 0.5726 -0.7486 0.3342
vn 0.5634 -0.7377 0.3719
vn 0.3185 -0.9311 -0.1780
vn 0.2934 -0.8612 0.4150
vn 0.3052 -0.8900 0.3387
vn -0.0000 -0.3821 0.9241
vn 0.2995 -0.8770 0.3757
vn -0.0000 -0.9840 -0.1784
vn -0.0000 -0.9091 0.4166
vn -0.0000 -0.9403 0.3403
vn -0.3052 -0.8900 0.3387
vn -0.1228 -0.3622 0.9240
vn -0.0000 -0.9259 0.3777
vn -0.5724 -0.7488 0.3342
vn -0.2995 -0.8770 0.3757
vn -0.3189 -0.9309 -0.1781
vn -0.2342 -0.3073 0.9223
vn -0.2937 -0.8611 0.4150
vn -0.5634 -0.7377 0.3719
vn -0.5982 -0.7818 -0.1759
vn -0.5539 -0.7241 0.4109
vn -0.7770 -0.5367 0.3290
vn -0.7659 -0.5287 0.3658
vn -0.8105 -0.5598 -0.1727
vn -0.7529 -0.5183 0.4055
vn -0.9034 -0.2778 0.3265
vn -0.3792 -0.1174 0.9178
vn -0.8910 -0.2741 0.3619
vn -0.9413 -0.2915 -0.1701
vn -0.8750 -0.2702 0.4017
vn -0.9457 -0.0000 0.3251
vn -0.5243 -0.0000 0.8515
vn -0.3792 0.1174 0.9178
vn -0.9322 -0.0000 0.3620
vn -0.9853 -0.0000 -0.1705
vn -0.9413 0.2914 -0.1702
vn -0.9170 -0.0000 0.3990
vn -0.8750 0.2702 0.4017
vn -0.9034 0.2778 0.3265
vn -0.3227 0.2230 0.9199
vn -0.8910 0.2741 0.3619
vn -0.8105 0.5598 -0.1726
vn -0.7529 0.5183 0.4055
vn -0.7770 0.5367 0.3290
vn -0.2342 0.3073 0.9224
vn -0.7659 0.5287 0.3658
vn -0.5982 0.7818 -0.1759
vn -0.5539 0.7241 0.4109
vn -0.5724 0.7488 0.3342
vn -0.1229 0.3622 0.9240
vn -0.5634 0.7377 0.3720
vn -0.3188 0.9309 -0.1781
vn -0.2937 0.8611 0.4150
vn -0.3052 0.8900 0.3387
vn -0.0000 0.3821 0.9241
vn -0.2995 0.8770 0.3758
vn -0.0000 0.9839 -0.1785
vn -0.0000 0.9091 0.4165
vn -0.0000 0.9403 0.3403
vn 0.3052 0.8900 0.3387
vn -0.0000 0.9259 0.3776
vn 0.2995 0.8770 0.3758
vn 0.3185 0.9310 -0.1781
vn 0.2934 0.8612 0.4150
vn 0.5726 0.7486 0.3342
vn 0.2346 0.3073 0.9223
vn 0.5634 0.7377 0.3720
vn 0.5982 0.7818 -0.1759
vn 0.5539 0.7241 0.4109
vn 0.7772 0.5365 0.3289
vn 0.3227 0.2230 0.9199
vn 0.7657 0.5288 0.3662
vn 0.8105 0.5598 -0.1726
vn 0.7531 0.5184 0.4051
vn 0.9034 0.2778 0.3265
vn 0.3796 0.1174 0.9177
vn 0.8908 0.2741 0.3624
vn 0.9413 0.2916 -0.1702
vn 0.8752 0.2702 0.4013
vt 3.134766 0.510986
vt 3.074219 0.501709
vt 3.197266 0.501709
vt 3.251953 0.475098
vt 3.017578 0.475098
vt 3.296875 0.433594
vt 2.972656 0.433594
vt 3.324219 0.381348
vt 2.945312 0.381348
vt 3.333984 0.323242
vt 2.935547 0.323242
vt 2.945312 0.265137
vt 3.324219 0.265137
vt 3.296875 0.212891
vt 2.972656 0.212891
vt 3.251953 0.171387
vt 3.017578 0.171387
vt 3.197266 0.145020
vt 3.074219 0.145020
vt 3.134766 0.135742
vt 0.807617 0.000488
vt 0.854004 0.000488
vt 0.854004 0.116699
vt 0.807617 0.116699
vt 0.757812 0.000488
vt 0.807617 0.148438
vt 0.854004 0.148438
vt 0.854004 0.953278
vt 0.757812 0.116699
vt 0.707520 0.000488
vt 0.757812 0.148438
vt 0.807617 0.953278
vt 0.807617 1.000000
vt 0.854004 1.000000
vt 0.757812 1.000000
vt 0.757812 0.953278
vt 0.707520 1.000000
vt 0.707520 0.148438
vt 0.707520 0.953278
vt 0.657715 1.000000
vt 0.707520 0.116699
vt 0.657715 0.000488
vt 0.657715 0.148438
vt 0.657715 0.953278
vt 0.607910 1.000000
vt 0.657715 0.116699
vt 0.607910 0.000488
vt 0.607910 0.148438
vt 0.607910 0.953278
vt 0.557617 0.953278
vt 0.557617 1.000000
vt 0.607910 0.116699
vt 0.507812 0.953278
vt 0.557617 0.116699
vt 0.557617 0.000488
vt 0.507812 1.000000
vt 0.557617 0.148438
vt 0.507812 0.116699
vt 0.507812 0.000488
vt 0.507812 0.148438
vt 0.457764 0.953278
vt 0.457764 1.000000
vt 0.457764 0.116699
vt 0.457764 0.000488
vt 0.457764 0.148438
vt 0.407715 0.953278
vt 0.407715 1.000000
vt 0.407715 0.116699
vt 0.407715 0.000488
vt 0.407715 0.148438
vt 0.357910 0.953278
vt 0.357910 1.000000
vt 0.307861 1.000000
vt 0.357910 0.116699
vt 0.357910 0.000488
vt 0.307861 0.000488
vt 0.357910 0.148438
vt 0.307861 0.148438
vt 0.307861 0.953278
vt 0.257812 1.000000
vt 0.307861 0.116699
vt 0.257812 0.000488
vt 0.257812 0.148438
vt 0.257812 0.953278
vt 0.207886 1.000000
vt 0.257812 0.116699
vt 0.207886 0.000488
vt 0.207886 0.148438
vt 0.203735 0.953278
vt 0.157837 1.000000
vt 0.207886 0.116699
vt 0.157837 0.000488
vt 0.157837 0.148438
vt 0.150635 0.953278
vt 0.107910 1.000000
vt 0.157837 0.116699
vt 0.107910 0.000488
vt 0.107910 0.148438
vt 0.107910 0.953278
vt 0.057892 0.953278
vt 0.057892 1.000000
vt 0.107910 0.116699
vt 0.057892 0.116699
vt 0.057892 0.000488
vt 0.057892 0.148438
vt 0.007912 0.953278
vt 0.007912 1.000000
vt 0.007912 0.116699
vt 0.007912 0.000488
vt 0.007912 0.148438
vt -0.042084 0.953278
vt -0.042084 1.000000
vt -0.042084 0.116699
vt -0.042084 0.000488
vt -0.042084 0.148438
vt -0.092041 0.953278
vt -0.092041 1.000000
vt -0.092041 0.116699
vt -0.092041 0.000488
vt -0.145752 1.000000
vt -0.145752 0.953278
vt -0.145752 0.116699
vt -0.145752 0.000488
vt -0.092041 0.148438
vt -0.145752 0.148438
s 1
usemtl WaterTankCylinder
f 4095/197/908 4096/198/909 4097/199/910
f 4096/198/909 4098/200/911 4097/199/910
f 4096/198/909 4099/201/912 4098/200/911
f 4099/201/912 4100/202/913 4098/200/911
f 4099/201/912 4101/203/914 4100/202/913
f 4101/203/914 4102/204/915 4100/202/913
f 4101/203/914 4103/205/916 4102/204/915
f 4103/205/916 4104/206/917 4102/204/915
f 4103/205/916 4105/207/918 4104/206/917
f 4105/207/918 4106/208/919 4104/206/917
f 4104/206/917 4106/208/919 4107/209/920
f 4106/208/919 4108/210/921 4107/209/920
f 4106/208/919 4109/211/922 4108/210/921
f 4108/210/921 4109/211/922 4110/212/923
f 4109/211/922 4111/213/924 4110/212/923
f 4110/212/923 4111/213/924 4112/214/925
f 4111/213/924 4113/215/926 4112/214/925
f 4112/214/925 4113/215/926 4114/216/927
f 4115/217/928 4116/218/929 4117/219/930
f 4118/220/931 4115/217/928 4117/219/930
f 4119/221/932 4115/217/928 4118/220/931
f 4118/220/931 4117/219/930 4120/222/933
f 4117/219/930 4121/223/934 4120/222/933
f 4122/224/935 4120/222/933 4121/223/934
f 4123/225/936 4119/221/932 4118/220/931
f 4124/226/937 4119/221/932 4123/225/936
f 4125/227/938 4118/220/931 4120/222/933
f 4123/225/936 4118/220/931 4125/227/938
f 4126/228/939 4120/222/933 4122/224/935
f 4125/227/938 4120/222/933 4126/228/939
f 4127/229/940 4122/224/935 4128/230/908
f 4126/228/939 4122/224/935 4127/229/940
f 4126/228/939 4127/229/940 4129/231/941
f 4130/232/942 4126/228/939 4129/231/941
f 4125/227/938 4126/228/939 4130/232/942
f 4130/232/942 4129/231/941 4131/233/913
f 4132/234/943 4125/227/938 4130/232/942
f 4132/234/943 4123/225/936 4125/227/938
f 4133/235/944 4130/232/942 4131/233/913
f 4132/234/943 4130/232/942 4133/235/944
f 4133/235/944 4131/233/913 4134/236/915
f 4135/237/945 4123/225/936 4132/234/943
f 4135/237/945 4124/226/937 4123/225/936
f 4136/238/946 4124/226/937 4135/237/945
f 4137/239/947 4132/234/943 4133/235/944
f 4137/239/947 4135/237/945 4132/234/943
f 4138/240/948 4133/235/944 4134/236/915
f 4137/239/947 4133/235/944 4138/240/948
f 4138/240/948 4134/236/915 4139/241/949
f 4140/242/950 4136/238/946 4135/237/945
f 4140/242/950 4135/237/945 4137/239/947
f 4140/242/950 4141/243/951 4136/238/946
f 4142/244/952 4137/239/947 4138/240/948
f 4142/244/952 4140/242/950 4137/239/947
f 4143/245/953 4138/240/948 4139/241/949
f 4142/244/952 4138/240/948 4143/245/953
f 4144/246/954 4143/245/953 4139/241/949
f 4142/244/952 4143/245/953 4144/246/954
f 4144/246/954 4139/241/949 4145/247/955
f 4142/244/952 4146/248/956 4140/242/950
f 4146/248/956 4141/243/951 4140/242/950
f 4144/246/954 4145/247/955 4147/249/957
f 4146/248/956 4148/250/958 4141/243/951
f 4142/244/952 4148/250/958 4146/248/956
f 4141/243/951 4148/250/958 4149/251/959
f 4145/247/955 4150/252/960 4147/249/957
f 4142/244/952 4144/246/954 4151/253/961
f 4142/244/952 4151/253/961 4148/250/958
f 4144/246/954 4147/249/957 4151/253/961
f 4148/250/958 4152/254/962 4149/251/959
f 4148/250/958 4151/253/961 4152/254/962
f 4149/251/959 4152/254/962 4153/255/963
f 4151/253/961 4147/249/957 4154/256/964
f 4151/253/961 4154/256/964 4152/254/962
f 4150/252/960 4155/257/965 4147/249/957
f 4147/249/957 4155/257/965 4154/256/964
f 4150/252/960 4156/258/923 4155/257/965
f 4152/254/962 4157/259/966 4153/255/963
f 4152/254/962 4154/256/964 4157/259/966
f 4153/255/963 4157/259/966 4158/260/967
f 4155/257/965 4159/261/968 4154/256/964
f 4154/256/964 4159/261/968 4157/259/966
f 4156/258/923 4160/262/969 4155/257/965
f 4155/257/965 4160/262/969 4159/261/968
f 4156/258/923 4161/263/970 4160/262/969
f 4157/259/966 4162/264/971 4158/260/967
f 4157/259/966 4159/261/968 4162/264/971
f 4158/260/967 4162/264/971 4163/265/972
f 4160/262/969 4164/266/973 4159/261/968
f 4159/261/968 4164/266/973 4162/264/971
f 4161/263/970 4165/267/974 4160/262/969
f 4160/262/969 4165/267/974 4164/266/973
f 4161/263/970 4166/268/975 4165/267/974
f 4166/268/975 4167/269/976 4165/267/974
f 4162/264/971 4168/270/977 4163/265/972
f 4162/264/971 4164/266/973 4168/270/977
f 4163/265/972 4168/270/977 4169/271/978
f 4168/270/977 4170/272/979 4169/271/978
f 4165/267/974 4171/273/980 4164/266/973
f 4164/266/973 4171/273/980 4168/270/977
f 4165/267/974 4172/274/981 4171/273/980
f 4168/270/977 4171/273/980 4172/274/981
f 4165/267/974 4167/269/976 4173/275/982
f 4165/267/974 4173/275/982 4172/274/981
f 4167/269/976 4174/276/983 4173/275/982
f 4168/270/977 4175/277/984 4170/272/979
f 4168/270/977 4172/274/981 4175/277/984
f 4175/277/984 4176/278/985 4170/272/979
f 4173/275/982 4177/279/986 4172/274/981
f 4172/274/981 4177/279/986 4175/277/984
f 4173/275/982 4174/276/983 4178/280/987
f 4173/275/982 4178/280/987 4177/279/986
f 4174/276/983 4179/281/988 4178/280/987
f 4175/277/984 4180/282/989 4176/278/985
f 4175/277/984 4177/279/986 4180/282/989
f 4180/282/989 4181/283/990 4176/278/985
f 4178/280/987 4182/284/991 4177/279/986
f 4177/279/986 4182/284/991 4180/282/989
f 4178/280/987 4179/281/988 4183/285/992
f 4178/280/987 4183/285/992 4182/284/991
f 4179/281/988 4184/286/993 4183/285/992
f 4180/282/989 4185/287/994 4181/283/990
f 4180/282/989 4182/284/991 4185/287/994
f 4185/287/994 4186/288/995 4181/283/990
f 4183/285/992 4187/289/996 4182/284/991
f 4182/284/991 4187/289/996 4185/287/994
f 4183/285/992 4184/286/993 4188/290/997
f 4183/285/992 4188/290/997 4187/289/996
f 4184/286/993 4189/291/998 4188/290/997
f 4185/287/994 4190/292/999 4186/288/995
f 4185/287/994 4187/289/996 4190/292/999
f 4190/292/999 4191/293/1000 4186/288/995
f 4188/290/997 4192/294/1001 4187/289/996
f 4187/289/996 4192/294/1001 4190/292/999
f 4188/290/997 4189/291/998 4193/295/1002
f 4188/290/997 4193/295/1002 4192/294/1001
f 4189/291/998 4194/296/1003 4193/295/1002
f 4193/295/1002 4194/296/1003 4192/294/1001
f 4189/291/998 4195/297/916 4194/296/1003
f 4190/292/999 4192/294/1001 4196/298/1004
f 4190/292/999 4196/298/1004 4191/293/1000
f 4196/298/1004 4197/299/1005 4191/293/1000
f 4192/294/1001 4197/299/1005 4196/298/1004
f 4191/293/1000 4197/299/1005 4198/300/1006
f 4192/294/1001 4194/296/1003 4199/301/1007
f 4192/294/1001 4199/301/1007 4197/299/1005
f 4195/297/916 4200/302/1008 4194/296/1003
f 4194/296/1003 4200/302/1008 4199/301/1007
f 4195/297/916 4201/303/1009 4200/302/1008
f 4197/299/1005 4202/304/1010 4198/300/1006
f 4197/299/1005 4199/301/1007 4202/304/1010
f 4198/300/1006 4202/304/1010 4203/305/1011
f 4199/301/1007 4200/302/1008 4204/306/1012
f 4199/301/1007 4204/306/1012 4202/304/1010
f 4201/303/1009 4205/307/1013 4200/302/1008
f 4200/302/1008 4205/307/1013 4204/306/1012
f 4201/303/1009 4206/308/1014 4205/307/1013
f 4202/304/1010 4207/309/1015 4203/305/1011
f 4202/304/1010 4204/306/1012 4207/309/1015
f 4203/305/1011 4207/309/1015 4208/310/1016
f 4204/306/1012 4205/307/1013 4209/311/1017
f 4204/306/1012 4209/311/1017 4207/309/1015
f 4206/308/1014 4210/312/1018 4205/307/1013
f 4205/307/1013 4210/312/1018 4209/311/1017
f 4206/308/1014 4211/313/1019 4210/312/1018
f 4207/309/1015 4212/314/1020 4208/310/1016
f 4207/309/1015 4209/311/1017 4212/314/1020
f 4208/310/1016 4212/314/1020 4213/315/1021
f 4211/313/1019 4214/316/908 4215/317/935
f 4211/313/1019 4215/317/935 4210/312/1018
f 4212/314/1020 4216/318/930 4213/315/1021
f 4213/315/1021 4216/318/930 4217/319/929
f 4212/314/1020 4218/320/1022 4216/318/930
f 4209/311/1017 4218/320/1022 4212/314/1020
f 4209/311/1017 4210/312/1018 4218/320/1022
f 4210/312/1018 4215/317/935 4218/320/1022
f 4218/320/1022 4219/321/934 4216/318/930
f 4218/320/1022 4215/317/935 4219/321/934
